title,geolocation,domain,network,subnetwork
American Independent,US,americanindependent.com,American Independent,
American Independent Foundation,US,americanindependentfoundation.com,American Independent,
Wisconsin Independent,Wisconsin,wisconsinindependent.com,American Independent,
Michigan Independent,Michigan,michiganindependent.com,American Independent,
Pennsylvania Independent,Pennsylvania,pennsylvaniaindependent.com,American Independent,
Arizona Independent,Arizona,arizonaindependent.com,American Independent,
Ohio Independent,Ohio,ohioindependent.com,American Independent,
Courier,US,couriernewsroom.com,Courier,
Copper Courier,Arizona,coppercourier.com,Courier,
The Dogwood,Virginia,vadogwood.com,Courier,
The Keystone,Pennsylvania,keystonenewsroom.com,Courier,
Up North News,Wisconsin,upnorthnewswi.com,Courier,
Carinal & Pine,North Carolina,cardinalpine.com,Courier,
Iowa Starting Line,Iowa,iowastartingline.com,Courier,
The Gander,Michigan,gandernewsroom.com,Courier,
Floricua,Florida,theamericanonews.com,Courier,
Amoskeag Times,New Hampshire,amoskeagtimes.com,Local Report,
Augusta-Richmond Herald,Georgia,augustarichmondherald.com,Local Report,
Bucks County Standard,Pennsylvania,buckscountystandard.com,Local Report,
Central Pennsylvania Times,Pennsylvania,southcentraltimes.com,Local Report,
Central Pennsylvania Times,Pennsylvania,centralpatimes.com,Local Report,
Cobb News,Georgia,cobbnewsga.com,Local Report,
Everett Times,New Hampshire,everetttimes.com,Local Report,
Grand Rapids News,Michigan,grandrapidsminews.com,Local Report,
Henderson Times,Nevada,hendersontimes.org,Local Report,
La Crosse Leader,Wisconsin,lacrosseleader.org,Local Report,
Lehigh Valley News,Pennsylvania,lehighnews.org,Local Report,
Macomb Digest,Michigan,macombdigest.com,Local Report,
Mecklenburg Herald,North Carolina,mecklenburgherald.com,Local Report,
Mesa Times,Arizona,mesatimes.org,Local Report,
Mile High Sentinel,Colorado,milehighsentinel.com,Local Report,
Milwaukee Metro Times,Wisconsin,milwaukeemetrotimes.com,Local Report,
Northern Clark County Herald,Nevada,northernclarkcountyherald.com,Local Report,
Northern Wisconsin Times,Wisconsin,northernwitimes.com,Local Report,
Northwest Lake Times,Pennsylvania,nwlaketimes.com,Local Report,
Northwest Lake Times,Pennsylvania,flagshipcitynews.com,Local Report,
Oakland Times,Michigan,oaklandtimes.org,Local Report,
OTP Tribune,Georgia,otptribune.com,Local Report,
Pima Times,Arizona,pimatimes.com,Local Report,
Rock Valley Times,Wisconsin,rockvalleytimes.com,Local Report,
Rockingham Journal,New Hampshire,rockinghamjournal.com,Local Report,
Savannah Sun Times,Georgia,savannahsuntimes.com,Local Report,
Seacoast Standard,New Hampshire,seacoaststandard.org,Local Report,
Southern Colorado Times,Colorado,southerncoloradotimes.com,Local Report,
Summerlin Reporter,Nevada,summerlinreporter.com,Local Report,
The Colombus News,Georgia,colonews.org,Local Report,
The Commonwealth Community Report,Virginia,vacommunityreport.com,Local Report,
The Delaware Valley Sun,Pennsylvania,delawarevalleysun.com,Local Report,
The Macon Report,Georgia,maconreport.com,Local Report,
The Mid-Michigan Standard,Michigan,midmichiganstd.com,Local Report,
The Northeast Herald,Pennsylvania,northeastherald.org,Local Report,
The Piedmont Tribune,North Carolina,piedmonttribune.com,Local Report,
The Southeastern Times,Wisconsin,southeasterntimes.org,Local Report,
The Tri-City Record,Michigan,tri-cityrecord.org,Local Report,
The Valley Gazette,Arizona,valleygazette.org,Local Report,
The Washoe Gazette,Nevada,washoegazette.com,Local Report,
The Wayne Herald,Michigan,wayneherald.org,Local Report,
The Wayne Herald,Michigan,waynecountyherald.com,Local Report,
Three Rivers Gazette,Pennsylvania,threeriversgazette.com,Local Report,
Triangle News,North Carolina,trianglenews.org,Local Report,
Two Rivers News,Michigan,tworiversnews.org,Local Report,
Upper Peninsula Times,Michigan,upperpeninsulatimes.com,Local Report,
Wisconsin Lake Times,Wisconsin,wisconsinlaketimes.com,Local Report,
Wisconsin Lake Times,Wisconsin,centralwisconsintimes.com,Local Report,
Yuma Standard,Arizona,yumastandard.com,Local Report,
Arizona Sun Times,Arizona,arizonasuntimes.com,Star,
Florida Capital Star,Florida,floridacapitalstar.com,Star,
Georgia Star News,Georgia,georgiastarnews.com,Star,
Pennsylvania Daily Star,Pennsylvania,pennsylvaniadailystar.com,Star,
Tennessee Star,Tennessee,tennesseestar.com,Star,
Connecticut Star,Connecticut,theconnecticutstar.com,Star,
Michigan Star,Michigan,themichiganstar.com,Star,
Minnesota Sun,Minnesota,theminnesotasun.com,Star,
Ohio Star,Ohio,theohiostar.com,Star,
Virginia Star,Virginia,thevirginiastar.com,Star,
Wisconsin Daily Star,Wisconsin,wisconsindailystar.com,Star,
Auburn Times,Alabama,auburntimes.com,Metric Media Network,Metric Media
Baldwin Times,Alabama,baldwintimes.com,Metric Media Network,Metric Media
Decatur Times,Alabama,decaturtimes.com,Metric Media Network,Metric Media
EC Alabama News,Alabama,ecalabamanews.com,Metric Media Network,Metric Media
Gadsden Today,Alabama,gadsdentoday.com,Metric Media Network,Metric Media
Huntsville Leader,Alabama,huntsvilleleader.com,Metric Media Network,Metric Media
Jefferson Reporter,Alabama,jeffersonreporter.com,Metric Media Network,Metric Media
Mobile Courant,Alabama,mobilecourant.com,Metric Media Network,Metric Media
NE Alabama News,Alabama,nealabamanews.com,Metric Media Network,Metric Media
NW Alabama News,Alabama,nwalabamanews.com,Metric Media Network,Metric Media
North Birmingham Times,Alabama,northbirminghamtimes.com,Metric Media Network,Metric Media
River Region Times,Alabama,riverregiontimes.com,Metric Media Network,Metric Media
Shoals Today,Alabama,shoalstoday.com,Metric Media Network,Metric Media
South Alabama Times,Alabama,southalabamatimes.com,Metric Media Network,Metric Media
South Birmingham Times,Alabama,southbirminghamtimes.com,Metric Media Network,Metric Media
Tuscaloosa Leader,Alabama,tuscaloosaleader.com,Metric Media Network,Metric Media
WC Alabama News,Alabama,wcalabamanews.com,Metric Media Network,Metric Media
Wiregrass Times,Alabama,wiregrasstimes.com,Metric Media Network,Metric Media
Yellowhammer Times,Alabama,yellowhammertimes.com,Metric Media Network,Metric Media
AL Business Daily,Alabama,albusinessdaily.com,Metric Media Network,Metro Business Network
Interior Alaska News,Alaska,interioralaskanews.com,Metric Media Network,Metric Media
Last Frontier News,Alaska,lastfrontiernews.com,Metric Media Network,Metric Media
Mat-Su Times,Alaska,matsutimes.com,Metric Media Network,Metric Media
North Alaska News,Alaska,northalaskanews.com,Metric Media Network,Metric Media
SC Alaska News,Alaska,scalaskanews.com,Metric Media Network,Metric Media
SE Alaska News,Alaska,sealaskanews.com,Metric Media Network,Metric Media
SW Alaska News,Alaska,swalaskanews.com,Metric Media Network,Metric Media
AK Business Daily,Alaska,akbusinessdaily.com,Metric Media Network,Metro Business Network
Angola Business Daily,Angola,angolabusinessdaily.com,Metric Media Network,Metro Business Network
Arizona Catholic Tribune,Arizona,azcatholictribune.com,Metric Media Network,Franklin Archer
Coconino News,Arizona,coconinonews.com,Metric Media Network,Metric Media
East Arizona News,Arizona,eastarizonanews.com,Metric Media Network,Metric Media
Grand Canyon Times,Arizona,grandcanyontimes.com,Metric Media Network,Metric Media
Mohave Today,Arizona,mohavetoday.com,Metric Media Network,Metric Media
NE Valley Times,Arizona,nevalleytimes.com,Metric Media Network,Metric Media
NW Valley Times,Arizona,nwvalleytimes.com,Metric Media Network,Metric Media
North Pima News,Arizona,northpimanews.com,Metric Media Network,Metric Media
PHX Reporter,Arizona,phxreporter.com,Metric Media Network,Metric Media
Pinal Today,Arizona,pinaltoday.com,Metric Media Network,Metric Media
SE Arizona News,Arizona,searizonanews.com,Metric Media Network,Metric Media
SE Valley Times,Arizona,sevalleytimes.com,Metric Media Network,Metric Media
SW Arizona News,Arizona,swarizonanews.com,Metric Media Network,Metric Media
SW Valley Times,Arizona,swvalleytimes.com,Metric Media Network,Metric Media
South Pima News,Arizona,southpimanews.com,Metric Media Network,Metric Media
Tucson Standard,Arizona,tucsonstandard.com,Metric Media Network,Metric Media
Yavapai News,Arizona,yavapainews.com,Metric Media Network,Metric Media
AZ Business Daily,Arizona,azbusinessdaily.com,Metric Media Network,Metro Business Network
Benton Times,Arkansas,bentontimes.com,Metric Media Network,Metric Media
East Little Rock Times,Arkansas,eastlittlerocktimes.com,Metric Media Network,Metric Media
Fayetteville Standard,Arkansas,fayettevillestandard.com,Metric Media Network,Metric Media
Fort Smith Times,Arkansas,fortsmithtimes.com,Metric Media Network,Metric Media
Hot Springs Times,Arkansas,hotspringstimes.com,Metric Media Network,Metric Media
Jonesboro Times,Arkansas,jonesborotimes.com,Metric Media Network,Metric Media
Lowe Delta News,Arkansas,lowedeltanews.com,Metric Media Network,Metric Media
NC Arkansas News,Arkansas,ncarkansasnews.com,Metric Media Network,Metric Media
NW Arkansas News,Arkansas,nwarkansasnews.com,Metric Media Network,Metric Media
Natural State Business News,Arkansas,naturalstatebusinessnews.com,Metric Media Network,Metric Media
Natural State News,Arkansas,naturalstatenews.com,Metric Media Network,Metric Media
North Little Rock Times,Arkansas,northlittlerocktimes.com,Metric Media Network,Metric Media
Pulaski Times,Arkansas,pulaskitimes.com,Metric Media Network,Metric Media
SW Arkansas Times,Arkansas,swarkansastimes.com,Metric Media Network,Metric Media
Upper Delta News,Arkansas,upperdeltanews.com,Metric Media Network,Metric Media
AR Business Daily,Arkansas,arbusinessdaily.com,Metric Media Network,Metro Business Network
Natural State Business News,Arkansas,arbiztoday.com,Metric Media Network,Metro Business Network
The Desert Mag,California,thedesertmag.com,Metric Media Network,GateHouse Media
Antelope Valley Today,California,antelopevalleytoday.com,Metric Media Network,Metric Media
Central Alameda News,California,centralalamedanews.com,Metric Media Network,Metric Media
Central OC Times,California,centraloctimes.com,Metric Media Network,Metric Media
Chico Times,California,chicotimes.com,Metric Media Network,Metric Media
Coachella Today,California,coachellatoday.com,Metric Media Network,Metric Media
East Alameda News,California,eastalamedanews.com,Metric Media Network,Metric Media
East Contra Costa News,California,eastcontracostanews.com,Metric Media Network,Metric Media
East SBV Times,California,eastsbvtimes.com,Metric Media Network,Metric Media
East SFV Today,California,eastsfvtoday.com,Metric Media Network,Metric Media
East San Diego News,California,eastsandiegonews.com,Metric Media Network,Metric Media
East Sierra News,California,eastsierranews.com,Metric Media Network,Metric Media
East Ventura News,California,eastventuranews.com,Metric Media Network,Metric Media
Fresno Leader,California,fresnoleader.com,Metric Media Network,Metric Media
Gold Country Today,California,goldcountrytoday.com,Metric Media Network,Metric Media
Golden State Today,California,goldenstatetoday.com,Metric Media Network,Metric Media
Imperial CA News,California,imperialcanews.com,Metric Media Network,Metric Media
Kern County Times,California,kerncountytimes.com,Metric Media Network,Metric Media
Kings County Times,California,kingscountytimes.com,Metric Media Network,Metric Media
LA Harbor News,California,laharbornews.com,Metric Media Network,Metric Media
LAX Leader,California,laxleader.com,Metric Media Network,Metric Media
Lake Tahoe Sun,California,laketahoesun.com,Metric Media Network,Metric Media
Marin Leader,California,marinleader.com,Metric Media Network,Metric Media
Merced Times,California,mercedtimes.com,Metric Media Network,Metric Media
Monterey Times,California,montereytimes.com,Metric Media Network,Metric Media
NE Cali News,California,necalinews.com,Metric Media Network,Metric Media
NE Sacramento News,California,nesacramentonews.com,Metric Media Network,Metric Media
NW LA Times,California,nwlatimes.com,Metric Media Network,Metric Media
NW Riverside News,California,nwriversidenews.com,Metric Media Network,Metric Media
North Coast California News,California,northcoastcanews.com,Metric Media Network,Metric Media
North Inland News,California,northinlandnews.com,Metric Media Network,Metric Media
North OC Times,California,northoctimes.com,Metric Media Network,Metric Media
North SFV Today,California,northsfvtoday.com,Metric Media Network,Metric Media
North SGV News,California,northsgvnews.com,Metric Media Network,Metric Media
North Sacramento Today,California,northsactoday.com,Metric Media Network,Metric Media
Oakland Record,California,oaklandrecord.com,Metric Media Network,Metric Media
Pomona Valley News,California,pomonavalleynews.com,Metric Media Network,Metric Media
Redding Today,California,reddingtoday.com,Metric Media Network,Metric Media
Redwood Empire News,California,redwoodempirenews.com,Metric Media Network,Metric Media
SE LA Times,California,selatimes.com,Metric Media Network,Metric Media
SFV Today,California,sfvtoday.com,Metric Media Network,Metric Media
SGV Standard,California,sgvstandard.com,Metric Media Network,Metric Media
SLO Reporter,California,sloreporter.com,Metric Media Network,Metric Media
SW Riverside News,California,swriversidenews.com,Metric Media Network,Metric Media
Sacramento Standard,California,sacramentostandard.com,Metric Media Network,Metric Media
San Diego Record,California,sandiegorecord.com,Metric Media Network,Metric Media
San Francisco Sun,California,sanfranciscosun.com,Metric Media Network,Metric Media
San Francisco Sun,California,sanfransun.com,Metric Media Network,Metric Media
San Joaquin Times,California,sanjoaquintimes.com,Metric Media Network,Metric Media
San Jose Standard,California,sanjosestandard.com,Metric Media Network,Metric Media
San Mateo Sun,California,sanmateosun.com,Metric Media Network,Metric Media
Santa Clara Today,California,santaclaratoday.com,Metric Media Network,Metric Media
Santa Cruz Standard,California,santacruzstandard.com,Metric Media Network,Metric Media
Solano Sun,California,solanosun.com,Metric Media Network,Metric Media
South Alameda News,California,southalamedanews.com,Metric Media Network,Metric Media
South Bay Leader,California,southbayleader.com,Metric Media Network,Metric Media
South Bay SD News,California,southbaysdnews.com,Metric Media Network,Metric Media
South OC Times,California,southoctimes.com,Metric Media Network,Metric Media
South SF Bay News,California,southsfbaynews.com,Metric Media Network,Metric Media
South SFV Today,California,southsfvtoday.com,Metric Media Network,Metric Media
South SGV News,California,southsgvnews.com,Metric Media Network,Metric Media
South Sacramento Today,California,southsactoday.com,Metric Media Network,Metric Media
Stanislaus News,California,stanislausnews.com,Metric Media Network,Metric Media
Tulare Times,California,tularetimes.com,Metric Media Network,Metric Media
Verdugos News,California,verdugosnews.com,Metric Media Network,Metric Media
Victor Valley Times,California,victorvalleytimes.com,Metric Media Network,Metric Media
West Contra Costa News,California,westcontracostanews.com,Metric Media Network,Metric Media
West El Dorado News,California,westeldoradonews.com,Metric Media Network,Metric Media
West LA Times,California,westlatimes.com,Metric Media Network,Metric Media
West OC Times,California,westoctimes.com,Metric Media Network,Metric Media
West SBV Times,California,westsbvtimes.com,Metric Media Network,Metric Media
West SFV Today,California,westsfvtoday.com,Metric Media Network,Metric Media
West SGV News,California,westsgvnews.com,Metric Media Network,Metric Media
West Ventura News,California,westventuranews.com,Metric Media Network,Metric Media
Wine Country Times,California,winecountrytimes.com,Metric Media Network,Metric Media
Yuba-Sutter Times,California,yubasuttertimes.com,Metric Media Network,Metric Media
CA Business Daily,California,cabusinessdaily.com,Metric Media Network,Metro Business Network
Coachella Valley Times,California,coachellavalleytimes.com,Metric Media Network,Pipeline Advisors
Northern California Record,California,norcalrecord.com,Metric Media Network,Record
Southern California Record,California,socalrecord.com,Metric Media Network,Record
Toronto Business Daily,Canada,torontobusinessdaily.com,Metric Media Network,Metro Business Network
Adams County Times,Colorado,adamscountytimes.com,Metric Media Network,Metric Media
Boulder Leader,Colorado,boulderleader.com,Metric Media Network,Metric Media
Centennial State News,Colorado,centennialstatenews.com,Metric Media Network,Metric Media
Central Colorado News,Colorado,centralcoloradonews.com,Metric Media Network,Metric Media
Denver City Wire,Colorado,denvercitywire.com,Metric Media Network,Metric Media
East Arapahoe News,Colorado,eastarapahoenews.com,Metric Media Network,Metric Media
Grand Junction Times,Colorado,grandjunctiontimes.com,Metric Media Network,Metric Media
Larimer News,Colorado,larimernews.com,Metric Media Network,Metric Media
NE Colorado News,Colorado,necoloradonews.com,Metric Media Network,Metric Media
North Jefferson County News,Colorado,northjeffconews.com,Metric Media Network,Metric Media
SE Colorado News,Colorado,secoloradonews.com,Metric Media Network,Metric Media
SE Denver News,Colorado,sedenvernews.com,Metric Media Network,Metric Media
SW Colorado News,Colorado,swcoloradonews.com,Metric Media Network,Metric Media
South Jefferson County News,Colorado,southjeffconews.com,Metric Media Network,Metric Media
Springs Times,Colorado,springstimes.com,Metric Media Network,Metric Media
West Arapahoe News,Colorado,westarapahoenews.com,Metric Media Network,Metric Media
CO Business Daily,Colorado,cobusinessdaily.com,Metric Media Network,Metro Business Network
Bridgeport Times,Connecticut,bridgeporttimes.com,Metric Media Network,Metric Media
Constitution State News,Connecticut,constitutionstatenews.com,Metric Media Network,Metric Media
Hartford Reporter,Connecticut,hartfordreporter.com,Metric Media Network,Metric Media
Housatonic Valley News,Connecticut,housatonicvalleynews.com,Metric Media Network,Metric Media
Litchfield Hills Today,Connecticut,litchfieldhillstoday.com,Metric Media Network,Metric Media
NE Connecticut News,Connecticut,neconnnews.com,Metric Media Network,Metric Media
NW Connecticut News,Connecticut,nwconnnews.com,Metric Media Network,Metric Media
Naugatuck Times,Connecticut,naugatucktimes.com,Metric Media Network,Metric Media
SC Connecticut News,Connecticut,scconnnews.com,Metric Media Network,Metric Media
SE Connecticut News,Connecticut,seconnnews.com,Metric Media Network,Metric Media
SW Connecticut News,Connecticut,swconnnews.com,Metric Media Network,Metric Media
CT Business Daily,Connecticut,ctbusinessdaily.com,Metric Media Network,Metro Business Network
First State Times,Delaware,firststatetimes.com,Metric Media Network,Metric Media
Kent County Today,Delaware,kentcountytoday.com,Metric Media Network,Metric Media
North New Castle News,Delaware,northnewcastlenews.com,Metric Media Network,Metric Media
South New Castle News,Delaware,southnewcastlenews.com,Metric Media Network,Metric Media
Sussex Review,Delaware,sussexreview.com,Metric Media Network,Metric Media
DE Business Daily,Delaware,debusinessdaily.com,Metric Media Network,Metro Business Network
Florida Catholic Tribune,Florida,flcatholictribune.com,Metric Media Network,Franklin Archer
Brevard Sun,Florida,brevardsun.com,Metric Media Network,Metric Media
Central Broward News,Florida,centralbrowardnews.com,Metric Media Network,Metric Media
Clay County Times,Florida,claycotimes.com,Metric Media Network,Metric Media
Duval Times,Florida,duvaltimes.com,Metric Media Network,Metric Media
East Hillsborough News,Florida,easthillsboroughnews.com,Metric Media Network,Metric Media
East Panhandle News,Florida,eastpanhandlenews.com,Metric Media Network,Metric Media
East Volusia News,Florida,eastvolusianews.com,Metric Media Network,Metric Media
Emerald Coast Times,Florida,emeraldcoasttimes.com,Metric Media Network,Metric Media
Hernando Reporter,Florida,hernandoreporter.com,Metric Media Network,Metric Media
Key West Reporter,Florida,keywestreporter.com,Metric Media Network,Metric Media
Lee Today,Florida,leetoday.com,Metric Media Network,Metric Media
Manatee Review,Florida,manateereview.com,Metric Media Network,Metric Media
Miami Courant,Florida,miamicourant.com,Metric Media Network,Metric Media
NC Florida News,Florida,ncfloridanews.com,Metric Media Network,Metric Media
NE Florida News,Florida,nefloridanews.com,Metric Media Network,Metric Media
Naples Standard,Florida,naplesstandard.com,Metric Media Network,Metric Media
Nature Coast Times,Florida,naturecoasttimes.com,Metric Media Network,Metric Media
North Broward News,Florida,northbrowardnews.com,Metric Media Network,Metric Media
North Lake Times,Florida,northlaketimes.com,Metric Media Network,Metric Media
North Miami-Dade News,Florida,northmianews.com,Metric Media Network,Metric Media
North Orlando News,Florida,northorlandonews.com,Metric Media Network,Metric Media
North Palm Beach Today,Florida,northpalmbeachtoday.com,Metric Media Network,Metric Media
North Panhandle News,Florida,northpanhandlenews.com,Metric Media Network,Metric Media
North Pinellas News,Florida,northpinellasnews.com,Metric Media Network,Metric Media
Ocala Standard,Florida,ocalastandard.com,Metric Media Network,Metric Media
Okeechobee Times,Florida,okeechobeetimes.com,Metric Media Network,Metric Media
Orlando Standard,Florida,orlandostandard.com,Metric Media Network,Metric Media
Palm Coast Times,Florida,palmcoasttimes.com,Metric Media Network,Metric Media
Panama City Reporter,Florida,panamacityreporter.com,Metric Media Network,Metric Media
Pasco Reporter,Florida,pascoreporter.com,Metric Media Network,Metric Media
Pensacola Times,Florida,pensacolatimes.com,Metric Media Network,Metric Media
Pinellas Times,Florida,pinellastimes.com,Metric Media Network,Metric Media
Polk Times,Florida,polktimes.com,Metric Media Network,Metric Media
Sarasota Review,Florida,sarasotareview.com,Metric Media Network,Metric Media
South Broward News,Florida,southbrowardnews.com,Metric Media Network,Metric Media
South Lake Today,Florida,southlaketoday.com,Metric Media Network,Metric Media
South Miami-Dade News,Florida,southmianews.com,Metric Media Network,Metric Media
South Orlando News,Florida,southorlandonews.com,Metric Media Network,Metric Media
South Palm Beach Today,Florida,southpalmbeachtoday.com,Metric Media Network,Metric Media
South Pinellas Times,Florida,southpinellastimes.com,Metric Media Network,Metric Media
St. Pete Standard,Florida,stpetestandard.com,Metric Media Network,Metric Media
Sumter Times,Florida,sumtertimes.com,Metric Media Network,Metric Media
Sun Shine Sentinel,Florida,sunshinesentinel.com,Metric Media Network,Metric Media
Tallahassee Sun,Florida,tallahasseesun.com,Metric Media Network,Metric Media
Tampa Republic,Florida,tamparepublic.com,Metric Media Network,Metric Media
Treasure Coast Sun,Florida,treasurecoastsun.com,Metric Media Network,Metric Media
West Florida News,Florida,westflnews.com,Metric Media Network,Metric Media
West Hillsborough News,Florida,westhillsboroughnews.com,Metric Media Network,Metric Media
West Volusia News,Florida,westvolusianews.com,Metric Media Network,Metric Media
FL Business Daily,Florida,flbusinessdaily.com,Metric Media Network,Metro Business Network
Florida Record,Florida,flarecord.com,Metric Media Network,Record
ATL Standard,Georgia,atlstandard.com,Metric Media Network,Metric Media
Albany Standard,Georgia,albanystandard.com,Metric Media Network,Metric Media
Athens Reporter,Georgia,athensreporter.com,Metric Media Network,Metric Media
Central Georgia News,Georgia,centralgeorgianews.com,Metric Media Network,Metric Media
Coastal GA News,Georgia,coastalganews.com,Metric Media Network,Metric Media
Cobb Reporter,Georgia,cobbreporter.com,Metric Media Network,Metric Media
DeKalb GA News,Georgia,dekalbganews.com,Metric Media Network,Metric Media
East Central Georgia News,Georgia,ecgeorgianews.com,Metric Media Network,Metric Media
Georgia Mountain News,Georgia,georgiamountainnews.com,Metric Media Network,Metric Media
Macon Times,Georgia,macontimes.com,Metric Media Network,Metric Media
NC Georgia News,Georgia,ncgeorgianews.com,Metric Media Network,Metric Media
NE Atlanta News,Georgia,neatlantanews.com,Metric Media Network,Metric Media
NW Atlanta News,Georgia,nwatlantanews.com,Metric Media Network,Metric Media
NW Georgia News,Georgia,nwgeorgianews.com,Metric Media Network,Metric Media
North Fulton Today,Georgia,northfultontoday.com,Metric Media Network,Metric Media
North Gwinnett News,Georgia,northgwinnettnews.com,Metric Media Network,Metric Media
Peach Tree Times,Georgia,peachtreetimes.com,Metric Media Network,Metric Media
Rome Reporter,Georgia,romereporter.com,Metric Media Network,Metric Media
SE Atlanta News,Georgia,seatlantanews.com,Metric Media Network,Metric Media
SE Georgia News,Georgia,segeorgianews.com,Metric Media Network,Metric Media
SW Georgia News,Georgia,swgeorgianews.com,Metric Media Network,Metric Media
Savannah Standard,Georgia,savannahstandard.com,Metric Media Network,Metric Media
South Atlanta News,Georgia,southatlantanews.com,Metric Media Network,Metric Media
South Fulton Today,Georgia,southfultontoday.com,Metric Media Network,Metric Media
South Georgia Times,Georgia,southgeorgiatimes.com,Metric Media Network,Metric Media
South Gwinnett News,Georgia,southgwinnettnews.com,Metric Media Network,Metric Media
WC Georgia News,Georgia,wcgeorgianews.com,Metric Media Network,Metric Media
Warner Robins Today,Georgia,warnerrobinstoday.com,Metric Media Network,Metric Media
West Atlanta News,Georgia,westatlantanews.com,Metric Media Network,Metric Media
GA Business Daily,Georgia,gabusinessdaily.com,Metric Media Network,Metro Business Network
Globe Banner,Global,globebanner.com,Metric Media Network,Metric Media
Guatemala Business Daily,Guatemala,guatemalabusinessdaily.com,Metric Media Network,Metro Business Network
Aloha State News,Hawaii,alohastatenews.com,Metric Media Network,Metric Media
Big Island Times,Hawaii,ohanatimes.com,Metric Media Network,Metric Media
Big Island Times,Hawaii,bigislandtimes.com,Metric Media Network,Metric Media
Honolulu Reporter,Hawaii,honolulureporter.com,Metric Media Network,Metric Media
Kauai Sun,Hawaii,kauaisun.com,Metric Media Network,Metric Media
Maui Reporter,Hawaii,mauireporter.com,Metric Media Network,Metric Media
HI Business Daily,Hawaii,hibusinessdaily.com,Metric Media Network,Metro Business Network
Ada Reporter,Idaho,adareporter.com,Metric Media Network,Metric Media
Boise City Wire,Idaho,boisecitywire.com,Metric Media Network,Metric Media
CDA Reporter,Idaho,cdareporter.com,Metric Media Network,Metric Media
Central Idaho Times,Idaho,centralidahotimes.com,Metric Media Network,Metric Media
East Idaho Times,Idaho,eastidahotimes.com,Metric Media Network,Metric Media
Gem State Wire,Idaho,gemstatewire.com,Metric Media Network,Metric Media
Magic Valley Times,Idaho,magicvalleytimes.com,Metric Media Network,Metric Media
North Idaho Times,Idaho,northidahotimes.com,Metric Media Network,Metric Media
Pocatello Times,Idaho,pocatellotimes.com,Metric Media Network,Metric Media
Treasure Valley Times,Idaho,treasurevalleytimes.com,Metric Media Network,Metric Media
ID Business Daily,Idaho,idbusinessdaily.com,Metric Media Network,Metro Business Network
Salem Newswire,Illinois,salemnewswire.com,Metric Media Network,?
West Loop Today,Illinois,westlooptoday.com,Metric Media Network,Franklin Archer
Carbondale Reporter,Illinois,carbondalereporter.com,Metric Media Network,LGIS
Chambana Sun,Illinois,chambanasun.com,Metric Media Network,LGIS
Chicago City Wire,Illinois,chicagocitywire.com,Metric Media Network,LGIS
DeKalb Times,Illinois,dekalbtimes.com,Metric Media Network,LGIS
DuPage Policy Journal,Illinois,dupagepolicyjournal.com,Metric Media Network,LGIS
East Central Reporter,Illinois,eastcentralreporter.com,Metric Media Network,LGIS
Galesburg Reporter,Illinois,galesburgreporter.com,Metric Media Network,LGIS
Grundy Reporter,Illinois,grundyreporter.com,Metric Media Network,LGIS
Illinois Valley Times,Illinois,illinoisvalleytimes.com,Metric Media Network,LGIS
Kane County Reporter,Illinois,kanecountyreporter.com,Metric Media Network,LGIS
Kankakee Times,Illinois,kankakeetimes.com,Metric Media Network,LGIS
Kendall County Times,Illinois,kendallcountytimes.com,Metric Media Network,LGIS
Lake County Gazette,Illinois,lakecountygazette.com,Metric Media Network,LGIS
Macon Reporter,Illinois,maconreporter.com,Metric Media Network,LGIS
McClean County Times,Illinois,mcleancountytimes.com,Metric Media Network,LGIS
McHenry Times,Illinois,mchenrytimes.com,Metric Media Network,LGIS
Metro East Sun,Illinois,metroeastsun.com,Metric Media Network,LGIS
NW Illinois News,Illinois,nwillinoisnews.com,Metric Media Network,LGIS
North Cook News,Illinois,northcooknews.com,Metric Media Network,LGIS
North Egypt News,Illinois,northegyptnews.com,Metric Media Network,LGIS
Peoria Standard,Illinois,peoriastandard.com,Metric Media Network,LGIS
Prairie State Wire,Illinois,prairiestatewire.com,Metric Media Network,LGIS
Quincy Reporter,Illinois,quincyreporter.com,Metric Media Network,LGIS
Rock Island Today,Illinois,rockislandtoday.com,Metric Media Network,LGIS
Rockford Sun,Illinois,rockfordsun.com,Metric Media Network,LGIS
SE Illinois News,Illinois,seillinoisnews.com,Metric Media Network,LGIS
SIL News,Illinois,silnews.com,Metric Media Network,LGIS
SW Illinois News,Illinois,swillinoisnews.com,Metric Media Network,LGIS
Sangamon Sun,Illinois,sangamonsun.com,Metric Media Network,LGIS
South Central Reporter,Illinois,southcentralreporter.com,Metric Media Network,LGIS
South Cook News,Illinois,southcooknews.com,Metric Media Network,LGIS
West Central Reporter,Illinois,westcentralreporter.com,Metric Media Network,LGIS
West Cook News,Illinois,westcooknews.com,Metric Media Network,LGIS
Will County Gazette,Illinois,willcountygazette.com,Metric Media Network,LGIS
Suburban Marquee,Illinois,suburbanmarquee.com,Metric Media Network,Metric Media
IL Business Daily,Illinois,ilbusinessdaily.com,Metric Media Network,Metro Business Network
Cook County Record,Illinois,cookcountyrecord.com,Metric Media Network,Record
Madison Record,Illinois,madisonrecord.com,Metric Media Network,Record
Anderson Reporter,Indiana,andersonreporter.com,Metric Media Network,Metric Media
Bloomington Leader,Indiana,bloomingtonleader.com,Metric Media Network,Metric Media
Columbus Standard,Indiana,columbusstandard.com,Metric Media Network,Metric Media
EC Indiana News,Indiana,ecindiananews.com,Metric Media Network,Metric Media
East Indy News,Indiana,eastindynews.com,Metric Media Network,Metric Media
Elkhart Times,Indiana,elkharttimes.com,Metric Media Network,Metric Media
Ft Wayne Times,Indiana,ftwaynetimes.com,Metric Media Network,Metric Media
Hoosier State Today,Indiana,hoosierstatetoday.com,Metric Media Network,Metric Media
Indy Standard,Indiana,indystandard.com,Metric Media Network,Metric Media
Kentuckiana Times,Indiana,kentuckianatimes.com,Metric Media Network,Metric Media
Kokomo Standard,Indiana,kokomostandard.com,Metric Media Network,Metric Media
Lafayette Times,Indiana,lafayettetimes.com,Metric Media Network,Metric Media
Muncie Reporter,Indiana,munciereporter.com,Metric Media Network,Metric Media
NC Indiana News,Indiana,ncindiananews.com,Metric Media Network,Metric Media
NE Indiana News,Indiana,neindiananews.com,Metric Media Network,Metric Media
North Indy News,Indiana,northindynews.com,Metric Media Network,Metric Media
SE Indiana News,Indiana,seindiananews.com,Metric Media Network,Metric Media
SW Indiana News,Indiana,swindiananews.com,Metric Media Network,Metric Media
South Bend Times,Indiana,southbendtimes.com,Metric Media Network,Metric Media
South Indy News,Indiana,southindynews.com,Metric Media Network,Metric Media
Southern Indiana Today,Indiana,southernindianatoday.com,Metric Media Network,Metric Media
The Region News,Indiana,theregionnews.com,Metric Media Network,Metric Media
WC Indiana News,Indiana,wcindiananews.com,Metric Media Network,Metric Media
West Indy News,Indiana,westindynews.com,Metric Media Network,Metric Media
Indiana Business Daily,Indiana,indianabusinessdaily.com,Metric Media Network,Metro Business Network
Ames Today,Iowa,amestoday.com,Metric Media Network,Metric Media
Cedar Rapids Today,Iowa,cedarrapidstoday.com,Metric Media Network,Metric Media
Central Iowa Times,Iowa,centraliowatimes.com,Metric Media Network,Metric Media
Des Moines Sun,Iowa,desmoinessun.com,Metric Media Network,Metric Media
Dubuque Times,Iowa,dubuquetimes.com,Metric Media Network,Metric Media
East Central Iowa News,Iowa,eciowanews.com,Metric Media Network,Metric Media
Hawkeye Reporter,Iowa,hawkeyereporter.com,Metric Media Network,Metric Media
Iowa City Today,Iowa,iowacitytoday.com,Metric Media Network,Metric Media
NE Iowa News,Iowa,neiowanews.com,Metric Media Network,Metric Media
NW Iowa News,Iowa,nwiowanews.com,Metric Media Network,Metric Media
North DSM News,Iowa,northdsmnews.com,Metric Media Network,Metric Media
North Iowa Reporter,Iowa,northiowareporter.com,Metric Media Network,Metric Media
River Bend Times,Iowa,riverbendtimes.com,Metric Media Network,Metric Media
SE Iowa News,Iowa,seiowanews.com,Metric Media Network,Metric Media
SW Iowa Times,Iowa,swiowatimes.com,Metric Media Network,Metric Media
Sioux City Times,Iowa,siouxcitytimes.com,Metric Media Network,Metric Media
South DSM News,Iowa,southdsmnews.com,Metric Media Network,Metric Media
South Iowa News,Iowa,southiowanews.com,Metric Media Network,Metric Media
WC Iowa News,Iowa,wciowanews.com,Metric Media Network,Metric Media
Waterloo Times,Iowa,waterlootimes.com,Metric Media Network,Metric Media
West DSM News,Iowa,westdsmnews.com,Metric Media Network,Metric Media
IA Business Daily,Iowa,iabusinessdaily.com,Metric Media Network,Metro Business Network
Kansas Catholic Tribune,Kansas,kscatholictribune.com,Metric Media Network,Franklin Archer
Linn County Guide,Kansas,linncountyguide.com,Metric Media Network,Local Labs
EC Kansas News,Kansas,eckansasnews.com,Metric Media Network,Metric Media
East Wichita Times,Kansas,eastwichitatimes.com,Metric Media Network,Metric Media
Hutch Today,Kansas,hutchtoday.com,Metric Media Network,Metric Media
Joco Today,Kansas,jocotoday.com,Metric Media Network,Metric Media
Lawrence Reporter,Kansas,lawrencereporter.com,Metric Media Network,Metric Media
Little Apple Times,Kansas,littleappletimes.com,Metric Media Network,Metric Media
NC Kansas News,Kansas,nckansasnews.com,Metric Media Network,Metric Media
NE Kansas News,Kansas,nekansasnews.com,Metric Media Network,Metric Media
NW Kansas News,Kansas,nwkansasnews.com,Metric Media Network,Metric Media
North Wichita News,Kansas,northwichitanews.com,Metric Media Network,Metric Media
SC Kansas News,Kansas,sckansasnews.com,Metric Media Network,Metric Media
SE Kansas News,Kansas,sekansasnews.com,Metric Media Network,Metric Media
SW Kansas News,Kansas,swkansasnews.com,Metric Media Network,Metric Media
South Wichita News,Kansas,southwichitanews.com,Metric Media Network,Metric Media
Sunflower State News,Kansas,sunflowerstatenews.com,Metric Media Network,Metric Media
Topeka Sun,Kansas,topekasun.com,Metric Media Network,Metric Media
Wichita Standard,Kansas,wichitastandard.com,Metric Media Network,Metric Media
Wyandotte Times,Kansas,wyandottetimes.com,Metric Media Network,Metric Media
KS Business Daily,Kansas,ksbusinessdaily.com,Metric Media Network,Metro Business Network
Bluegrass Times,Kentucky,bluegrasstimes.com,Metric Media Network,Metric Media
Bowling Green Today,Kentucky,bowlinggreentoday.com,Metric Media Network,Metric Media
East Kentucky Times,Kentucky,eastkentuckytimes.com,Metric Media Network,Metric Media
East Louisville News,Kentucky,eastlouisvillenews.com,Metric Media Network,Metric Media
East Pennyroyal News,Kentucky,eastpennyroyalnews.com,Metric Media Network,Metric Media
Elizabethtown Times,Kentucky,elizabethtowntimes.com,Metric Media Network,Metric Media
Hopkinsville Times,Kentucky,hopkinsvilletimes.com,Metric Media Network,Metric Media
Jackson Purchase News,Kentucky,jacksonpurchasenews.com,Metric Media Network,Metric Media
Louisville City Wire,Kentucky,louisvillecitywire.com,Metric Media Network,Metric Media
NC Kentucky News,Kentucky,nckentuckynews.com,Metric Media Network,Metric Media
NE Kentucky News,Kentucky,nekentuckynews.com,Metric Media Network,Metric Media
NW Kentucky News,Kentucky,nwkentuckynews.com,Metric Media Network,Metric Media
North Bluegrass News,Kentucky,northbluegrassnews.com,Metric Media Network,Metric Media
North Kentucky News,Kentucky,northkentuckynews.com,Metric Media Network,Metric Media
SE Bluegrass News,Kentucky,sebluegrassnews.com,Metric Media Network,Metric Media
SE Kentucky News,Kentucky,sekentuckynews.com,Metric Media Network,Metric Media
SW Bluegrass News,Kentucky,swbluegrassnews.com,Metric Media Network,Metric Media
West Pennyroyal News,Kentucky,westpennyroyalnews.com,Metric Media Network,Metric Media
KY Business Daily,Kentucky,kybusinessdaily.com,Metric Media Network,Metro Business Network
Baton Rouge Reporter,Louisiana,batonrougereporter.com,Metric Media Network,Metric Media
Central Louisiana News,Louisiana,centrallouisiananews.com,Metric Media Network,Metric Media
Florida Parish News,Louisiana,floridaparishnews.com,Metric Media Network,Metric Media
Houma-Thibodaux News,Louisiana,houmathibodauxnews.com,Metric Media Network,Metric Media
Lafayette Reporter,Louisiana,lafayettereporter.com,Metric Media Network,Metric Media
NE Louisiana News,Louisiana,nelouisiananews.com,Metric Media Network,Metric Media
NW Louisiana News,Louisiana,nwlouisiananews.com,Metric Media Network,Metric Media
Nola Reporter,Louisiana,nolareporter.com,Metric Media Network,Metric Media
North Acadiana News,Louisiana,northacadiananews.com,Metric Media Network,Metric Media
North Shore Louisiana News,Louisiana,northshorelanews.com,Metric Media Network,Metric Media
Pelican State News,Louisiana,pelicanstatenews.com,Metric Media Network,Metric Media
River Parish News,Louisiana,riverparishnews.com,Metric Media Network,Metric Media
SW Louisiana News,Louisiana,swlouisiananews.com,Metric Media Network,Metric Media
Shreveport Reporter,Louisiana,shreveportreporter.com,Metric Media Network,Metric Media
South Louisiana News,Louisiana,southlouisiananews.com,Metric Media Network,Metric Media
Westbank Louisiana News,Louisiana,westbanklanews.com,Metric Media Network,Metric Media
LA Business Daily,Louisiana,labusinessdaily.com,Metric Media Network,Metro Business Network
Louisiana Record,Louisiana,louisianarecord.com,Metric Media Network,Record
Aroostook News,Maine,aroostooknews.com,Metric Media Network,Metric Media
Down East Times,Maine,downeasttimes.com,Metric Media Network,Metric Media
Lewiston Times,Maine,lewistontimes.com,Metric Media Network,Metric Media
Maine Highlands News,Maine,mainehighlandsnews.com,Metric Media Network,Metric Media
Maine Lakes News,Maine,mainelakesnews.com,Metric Media Network,Metric Media
Mid Coast Today,Maine,midcoasttoday.com,Metric Media Network,Metric Media
Pine State News,Maine,pinestatenews.com,Metric Media Network,Metric Media
Portland Maine News,Maine,portlandmainenews.com,Metric Media Network,Metric Media
River Valley Today,Maine,rivervalleytoday.com,Metric Media Network,Metric Media
South Maine News,Maine,southmainenews.com,Metric Media Network,Metric Media
Maine Business Daily,Maine,mainebusinessdaily.com,Metric Media Network,Metro Business Network
Anne Arundel Today,Maryland,annearundeltoday.com,Metric Media Network,Metric Media
Baltimore City Wire,Maryland,baltimorecitywire.com,Metric Media Network,Metric Media
Harford News,Maryland,harfordnews.com,Metric Media Network,Metric Media
Howard County News,Maryland,howardconews.com,Metric Media Network,Metric Media
Maryland State Wire,Maryland,mdstatewire.com,Metric Media Network,Metric Media
Montgomery News,Maryland,montgomerymdnews.com,Metric Media Network,Metric Media
North Baltimore Journal,Maryland,northbaltimorejournal.com,Metric Media Network,Metric Media
MD Business Daily,Maryland,mdbusinessdaily.com,Metric Media Network,Metro Business Network
Bay State News,Massachusetts,baystatenews.com,Metric Media Network,Metric Media
Bean Town Times,Massachusetts,beantowntimes.com,Metric Media Network,Metric Media
Bristol Reporter,Massachusetts,bristolreporter.com,Metric Media Network,Metric Media
Cape Cod Ledger,Massachusetts,capecodledger.com,Metric Media Network,Metric Media
Merrimack Valley News,Massachusetts,merrimackvalleynews.com,Metric Media Network,Metric Media
Metro West Times,Massachusetts,metrowesttimes.com,Metric Media Network,Metric Media
Mid Massachusetts News,Massachusetts,midmassnews.com,Metric Media Network,Metric Media
NC Massachusetts News,Massachusetts,ncmassnews.com,Metric Media Network,Metric Media
Norfolk Reporter,Massachusetts,norfolkreporter.com,Metric Media Network,Metric Media
North Boston News,Massachusetts,northbostonnews.com,Metric Media Network,Metric Media
Plymouth Reporter,Massachusetts,plymouthreporter.com,Metric Media Network,Metric Media
Springfield City Wire,Massachusetts,springfieldcitywire.com,Metric Media Network,Metric Media
Springfield Record,Massachusetts,springfieldrecord.com,Metric Media Network,Metric Media
West Massachusetts News,Massachusetts,westmassnews.com,Metric Media Network,Metric Media
MA Business Daily,Massachusetts,mabusinessdaily.com,Metric Media Network,Metro Business Network
Mexico Business Daily,Mexico,mexicobusinessdaily.com,Metric Media Network,Metro Business Network
Michigan Catholic Tribune,Michigan,micatholictribune.com,Metric Media Network,Franklin Archer
Lansing Reporter,Michigan,lansingreporter.com,Metric Media Network,Local Labs
Ann Arbor Times,Michigan,annarbortimes.com,Metric Media Network,Metric Media
Battle Creek Times,Michigan,battlecreektimes.com,Metric Media Network,Metric Media
Detroit City Wire,Michigan,detroitcitywire.com,Metric Media Network,Metric Media
Down River Today,Michigan,downrivertoday.com,Metric Media Network,Metric Media
East Michigan News,Michigan,eastmichigannews.com,Metric Media Network,Metric Media
Eastern Wayne Today,Michigan,easternwaynetoday.com,Metric Media Network,Metric Media
Genesee News,Michigan,geneseenews.com,Metric Media Network,Metric Media
Grand Rapids Reporter,Michigan,grandrapidsreporter.com,Metric Media Network,Metric Media
Great Lakes Wire,Michigan,greatlakeswire.com,Metric Media Network,Metric Media
Holland Reporter,Michigan,hollandreporter.com,Metric Media Network,Metric Media
Kalamazoo Times,Michigan,kalamazootimes.com,Metric Media Network,Metric Media
Lansing Sun,Michigan,lansingsun.com,Metric Media Network,Metric Media
Livingston Today,Michigan,livingstontoday.com,Metric Media Network,Metric Media
MI Capitol News,Michigan,micapitolnews.com,Metric Media Network,Metric Media
Macomb Today,Michigan,macombtoday.com,Metric Media Network,Metric Media
Monroe Review,Michigan,monroereview.com,Metric Media Network,Metric Media
Muskegon Sun,Michigan,muskegonsun.com,Metric Media Network,Metric Media
North Kent News,Michigan,northkentnews.com,Metric Media Network,Metric Media
North Michigan News,Michigan,northmichigannews.com,Metric Media Network,Metric Media
Northwest Wayne News,Michigan,nwwaynenews.com,Metric Media Network,Metric Media
Novi Times,Michigan,novitimes.com,Metric Media Network,Metric Media
Pontiac Times,Michigan,pontiactimes.com,Metric Media Network,Metric Media
SE Grand Rapids,Michigan,segrandrapids.com,Metric Media Network,Metric Media
SE Oakland News,Michigan,seoaklandnews.com,Metric Media Network,Metric Media
Shelby Review,Michigan,shelbyreview.com,Metric Media Network,Metric Media
Shiawassee Times,Michigan,shiawasseetimes.com,Metric Media Network,Metric Media
South Kent News,Michigan,southkentnews.com,Metric Media Network,Metric Media
South Michigan News,Michigan,southmichigannews.com,Metric Media Network,Metric Media
St. Clair Today,Michigan,stclairtoday.com,Metric Media Network,Metric Media
St. Joe-Benton Harbor News,Michigan,stjoebentonharbor.com,Metric Media Network,Metric Media
Sturgis-Coldwater News,Michigan,sturgiscoldwaternews.com,Metric Media Network,Metric Media
The Warren Sun,Michigan,warrensun.com,Metric Media Network,Metric Media
Thumb Reporter,Michigan,thumbreporter.com,Metric Media Network,Metric Media
Tri-City Sun,Michigan,tricitysun.com,Metric Media Network,Metric Media
UP Gazette,Michigan,upgazette.com,Metric Media Network,Metric Media
Waterford Today,Michigan,waterfordtoday.com,Metric Media Network,Metric Media
West Central Michigan News,Michigan,wcmichigannews.com,Metric Media Network,Metric Media
Western Wayne Today,Michigan,westernwaynetoday.com,Metric Media Network,Metric Media
MI Business Daily,Michigan,mibusinessdaily.com,Metric Media Network,Metro Business Network
Minnesota Catholic Tribune,Minnesota,mncatholictribune.com,Metric Media Network,Franklin Archer
Anoka Times,Minnesota,anokatimes.com,Metric Media Network,Metric Media
Dakota Times,Minnesota,dakotatimes.com,Metric Media Network,Metric Media
East Twin Cities,Minnesota,easttwincities.com,Metric Media Network,Metric Media
Minneapolis Review,Minnesota,minneapolisreview.com,Metric Media Network,Metric Media
Minnesota State Wire,Minnesota,minnesotastatewire.com,Metric Media Network,Metric Media
NC Minnesota News,Minnesota,ncminnesotanews.com,Metric Media Network,Metric Media
NW Minnesota News,Minnesota,nwminnesotanews.com,Metric Media Network,Metric Media
NW Twin Cities,Minnesota,nwtwincities.com,Metric Media Network,Metric Media
North Hennepin News,Minnesota,northhennepinnews.com,Metric Media Network,Metric Media
North Ramsey News,Minnesota,northramseynews.com,Metric Media Network,Metric Media
SC Minnesota News,Minnesota,scminnesotanews.com,Metric Media Network,Metric Media
SE Minnesota News,Minnesota,seminnesotanews.com,Metric Media Network,Metric Media
SE Twin Cities,Minnesota,setwincities.com,Metric Media Network,Metric Media
SW Minnesota Today,Minnesota,swminnesotatoday.com,Metric Media Network,Metric Media
South Hennepin News,Minnesota,southhennepinnews.com,Metric Media Network,Metric Media
St. Cloud Sun,Minnesota,stcloudsun.com,Metric Media Network,Metric Media
St. Paul Reporter,Minnesota,stpaulreporter.com,Metric Media Network,Metric Media
WC Minnesota News,Minnesota,wcminnesotanews.com,Metric Media Network,Metric Media
West Twin Cities,Minnesota,westtwincities.com,Metric Media Network,Metric Media
MN Business Daily,Minnesota,mnbusinessdaily.com,Metric Media Network,Metro Business Network
EC Mississippi News,Mississippi,ecmissnews.com,Metric Media Network,Metric Media
GTR Times,Mississippi,gtrtimes.com,Metric Media Network,Metric Media
Hinds Today,Mississippi,hindstoday.com,Metric Media Network,Metric Media
Magnolia State News,Mississippi,magnoliastatenews.com,Metric Media Network,Metric Media
Mississippi Gulf News,Mississippi,msgulfnews.com,Metric Media Network,Metric Media
NC Mississippi News,Mississippi,ncmissnews.com,Metric Media Network,Metric Media
NE Mississippi News,Mississippi,nemissnews.com,Metric Media Network,Metric Media
NW Mississippi News,Mississippi,nwmissnews.com,Metric Media Network,Metric Media
Oxford Reporter,Mississippi,oxfordreporter.com,Metric Media Network,Metric Media
Pine Belt Times,Mississippi,pinebelttimes.com,Metric Media Network,Metric Media
SC Mississippi News,Mississippi,scmissnews.com,Metric Media Network,Metric Media
SW Mississippi News,Mississippi,swmissnews.com,Metric Media Network,Metric Media
WC Mississippi News,Mississippi,wcmissnews.com,Metric Media Network,Metric Media
MS Business Daily,Mississippi,msbusinessdaily.com,Metric Media Network,Metro Business Network
Branson Times,Missouri,bransontimes.com,Metric Media Network,Metric Media
Cape News,Missouri,capemonews.com,Metric Media Network,Metric Media
Central Missouri News,Missouri,centralmissourinews.com,Metric Media Network,Metric Media
Central STL News,Missouri,centralstlnews.com,Metric Media Network,Metric Media
Clay Reporter,Missouri,clayreporter.com,Metric Media Network,Metric Media
Columbia News,Missouri,columbiamonews.com,Metric Media Network,Metric Media
Jefferson City News,Missouri,jeffcitynews.com,Metric Media Network,Metric Media
Jefferson County Times,Missouri,jeffcotimes.com,Metric Media Network,Metric Media
KC Reporter,Missouri,kcreporter.com,Metric Media Network,Metric Media
NE Kansas City News,Missouri,nekansascitynews.com,Metric Media Network,Metric Media
NE Missouri News,Missouri,nemissourinews.com,Metric Media Network,Metric Media
NW Missouri Times,Missouri,nwmissouritimes.com,Metric Media Network,Metric Media
North STL News,Missouri,northstlnews.com,Metric Media Network,Metric Media
Platte News,Missouri,plattenews.com,Metric Media Network,Metric Media
SC Missouri News,Missouri,scmissourinews.com,Metric Media Network,Metric Media
SE Kansas City News,Missouri,sekansascitynews.com,Metric Media Network,Metric Media
SE Missouri News,Missouri,semissourinews.com,Metric Media Network,Metric Media
SW Missouri News,Missouri,swmissourinews.com,Metric Media Network,Metric Media
Show-Me State Times,Missouri,showmestatetimes.com,Metric Media Network,Metric Media
South KC News,Missouri,southkcnews.com,Metric Media Network,Metric Media
South STL News,Missouri,southstlnews.com,Metric Media Network,Metric Media
Springfield Standard,Missouri,springfieldstandard.com,Metric Media Network,Metric Media
St. Charles Times,Missouri,stcharlestimes.com,Metric Media Network,Metric Media
St. Louis Reporter,Missouri,stlouisreporter.com,Metric Media Network,Metric Media
WC Missouri News,Missouri,wcmissourinews.com,Metric Media Network,Metric Media
West STL News,Missouri,weststlnews.com,Metric Media Network,Metric Media
West STL News,Missouri,stlwestnews.com,Metric Media Network,Metric Media
MO Business Daily,Missouri,mobusinessdaily.com,Metric Media Network,Metro Business Network
St. Louis Record,Missouri,stlrecord.com,Metric Media Network,Record
Big Sky Times,Montana,bigskytimes.com,Metric Media Network,Metric Media
Central Montana Times,Montana,centralmontanatimes.com,Metric Media Network,Metric Media
Glacier Country News,Montana,glaciercountrynews.com,Metric Media Network,Metric Media
Northeast Montana News,Montana,nemontananews.com,Metric Media Network,Metric Media
Northwest Montana News,Montana,nwmontananews.com,Metric Media Network,Metric Media
SE Montana News,Montana,semontananews.com,Metric Media Network,Metric Media
Southwest Montana News,Montana,swmontanatimes.com,Metric Media Network,Metric Media
Yellowstone Times,Montana,yellowstonetimes.com,Metric Media Network,Metric Media
MT Business Daily,Montana,mtbusinessdaily.com,Metric Media Network,Metro Business Network
Cornhusker State News,Nebraska,cornhuskerstatenews.com,Metric Media Network,Metric Media
EC Nebraska News,Nebraska,ecnebraskanews.com,Metric Media Network,Metric Media
NE Nebraska News,Nebraska,nenebraskanews.com,Metric Media Network,Metric Media
Nebraska Panhandle News,Nebraska,nepanhandlenews.com,Metric Media Network,Metric Media
North Omaha Times,Nebraska,northomahatimes.com,Metric Media Network,Metric Media
Omaha Record,Nebraska,omahacitywire.com,Metric Media Network,Metric Media
Omaha Record,Nebraska,omaharecord.com,Metric Media Network,Metric Media
SC Nebraska News,Nebraska,scnebraskanews.com,Metric Media Network,Metric Media
SE Nebraska News,Nebraska,senebraskanews.com,Metric Media Network,Metric Media
Sandhills Today,Nebraska,sandhillstoday.com,Metric Media Network,Metric Media
South Omaha Times,Nebraska,southomahatimes.com,Metric Media Network,Metric Media
Nebraska Business Daily,Nebraska,nebraskabusinessdaily.com,Metric Media Network,Metro Business Network
Eagle Valley Times,Nevada,eaglevalleytimes.com,Metric Media Network,Metric Media
Las Vegas Record,Nevada,lasvegasrecord.com,Metric Media Network,Metric Media
NW Clark News,Nevada,nwclarknews.com,Metric Media Network,Metric Media
North Nevada News,Nevada,northnevadanews.com,Metric Media Network,Metric Media
North Vegas Times,Nevada,northvegastimes.com,Metric Media Network,Metric Media
Reno Reporter,Nevada,renoreporter.com,Metric Media Network,Metric Media
SE Vegas News,Nevada,sevegasnews.com,Metric Media Network,Metric Media
SW Vegas News,Nevada,swvegasnews.com,Metric Media Network,Metric Media
Silver State Times,Nevada,silverstatetimes.com,Metric Media Network,Metric Media
Washoe News,Nevada,washoenews.com,Metric Media Network,Metric Media
NV Business Daily,Nevada,nvbusinessdaily.com,Metric Media Network,Metro Business Network
Concord Ledger,New Hampshire,concordledger.com,Metric Media Network,Metric Media
Dartmouth Times,New Hampshire,dartmouthtimes.com,Metric Media Network,Metric Media
Granite State Times,New Hampshire,granitestatetimes.com,Metric Media Network,Metric Media
Hillsborough Sun,New Hampshire,hillsboroughsun.com,Metric Media Network,Metric Media
Lake Region News,New Hampshire,lakeregionnews.com,Metric Media Network,Metric Media
North Country Reporter,New Hampshire,northcountryreporter.com,Metric Media Network,Metric Media
Rockingham Times,New Hampshire,rockinghamtimes.com,Metric Media Network,Metric Media
SW New Hampshire News,New Hampshire,swnewhampshirenews.com,Metric Media Network,Metric Media
Strafford News,New Hampshire,straffordnews.com,Metric Media Network,Metric Media
NH Business Daily,New Hampshire,nhbusinessdaily.com,Metric Media Network,Metro Business Network
Atlantic County Times,New Jersey,atlanticcotimes.com,Metric Media Network,Metric Media
Burlington Review,New Jersey,burlingtonreview.com,Metric Media Network,Metric Media
Garden State Times,New Jersey,gardenstatetimes.com,Metric Media Network,Metric Media
Gloucester Today,New Jersey,gloucestertoday.com,Metric Media Network,Metric Media
Hudson Today,New Jersey,hudsontoday.com,Metric Media Network,Metric Media
Mercer Times,New Jersey,mercertimes.com,Metric Media Network,Metric Media
Monmouth Times,New Jersey,monmouthtimes.com,Metric Media Network,Metric Media
Morris Leader,New Jersey,morrisleader.com,Metric Media Network,Metric Media
NE Bergen News,New Jersey,nebergennews.com,Metric Media Network,Metric Media
NW Bergen News,New Jersey,nwbergennews.com,Metric Media Network,Metric Media
NW Jersey News,New Jersey,nwjerseynews.com,Metric Media Network,Metric Media
Newark Reporter,New Jersey,newarkreporter.com,Metric Media Network,Metric Media
North Essex News,New Jersey,northessexnews.com,Metric Media Network,Metric Media
North Middlesex Times,New Jersey,northmiddlesextimes.com,Metric Media Network,Metric Media
Ocean County Leader,New Jersey,oceancountyleader.com,Metric Media Network,Metric Media
Passaic News,New Jersey,passiacnews.com,Metric Media Network,Metric Media
Somerset Times,New Jersey,somersettimes.com,Metric Media Network,Metric Media
South Bergen News,New Jersey,southbergennews.com,Metric Media Network,Metric Media
South Jersey Sun,New Jersey,southjerseysun.com,Metric Media Network,Metric Media
South Middlesex Times,New Jersey,southmiddlesextimes.com,Metric Media Network,Metric Media
Union County Review,New Jersey,unioncountyreview.com,Metric Media Network,Metric Media
West Essex News,New Jersey,westessexnews.com,Metric Media Network,Metric Media
NJ Business Daily,New Jersey,njbusinessdaily.com,Metric Media Network,Metro Business Network
ABQ Times,New Mexico,abqtimes.com,Metric Media Network,Metric Media
East New Mexico News,New Mexico,eastnewmexiconews.com,Metric Media Network,Metric Media
Enchantment State News,New Mexico,enchantmentstatenews.com,Metric Media Network,Metric Media
NE New Mexico Sun,New Mexico,nenewmexiconews.com,Metric Media Network,Metric Media
NW Minnesota News,New Mexico,nwnewmexiconews.com,Metric Media Network,Metric Media
New Mexico Sun,New Mexico,newmexicosun.com,Metric Media Network,Metric Media
SW New Mexico News,New Mexico,swnewmexiconews.com,Metric Media Network,Metric Media
Sandoval News,New Mexico,sandovalnews.com,Metric Media Network,Metric Media
Santa Fe Standard,New Mexico,santafestandard.com,Metric Media Network,Metric Media
South ABQ News,New Mexico,southabqnews.com,Metric Media Network,Metric Media
WC New Mexico News,New Mexico,wcnewmexiconews.com,Metric Media Network,Metric Media
NM Business Daily,New Mexico,nmbusinessdaily.com,Metric Media Network,Metro Business Network
Buffalo Ledger,New York,buffaloledger.com,Metric Media Network,Metric Media
Capital District Times,New York,capitaldistricttimes.com,Metric Media Network,Metric Media
East Hudson Valley News,New York,easthudvalleynews.com,Metric Media Network,Metric Media
Empire State Today,New York,empirestatetoday.com,Metric Media Network,Metric Media
Finger Lakes Today,New York,fingerlakestoday.com,Metric Media Network,Metric Media
Mohawk Valley Times,New York,mohawkvalleytimes.com,Metric Media Network,Metric Media
Monroe NY News,New York,monroenynews.com,Metric Media Network,Metric Media
NE New York Today,New York,nenewyorktoday.com,Metric Media Network,Metric Media
NYC Gazette,New York,nycgazette.com,Metric Media Network,Metric Media
Nassau Standard,New York,nassaustandard.com,Metric Media Network,Metric Media
Niagara Leader,New York,niagaraleader.com,Metric Media Network,Metric Media
North Country Leader,New York,northcountryleader.com,Metric Media Network,Metric Media
Oneida Times,New York,oneidatimes.com,Metric Media Network,Metric Media
Rochester Reporter,New York,rochesterreporter.com,Metric Media Network,Metric Media
Rockland Reporter,New York,rocklandreporter.com,Metric Media Network,Metric Media
SC New York News,New York,scnewyorknews.com,Metric Media Network,Metric Media
Saratoga Standard,New York,saratogastandard.com,Metric Media Network,Metric Media
Staten Island Reporter,New York,statenislandreporter.com,Metric Media Network,Metric Media
Suffolk Reporter,New York,suffolkreporter.com,Metric Media Network,Metric Media
Syracuse Sun,New York,syracusesun.com,Metric Media Network,Metric Media
West Hudson Valley News,New York,westhudvalleynews.com,Metric Media Network,Metric Media
West NY News,New York,westnynews.com,Metric Media Network,Metric Media
Westchester Reporter,New York,westchesterreporter.com,Metric Media Network,Metric Media
NY Business Daily,New York,nybusinessdaily.com,Metric Media Network,Metro Business Network
Asheville Reporter,North Carolina,ashevillereporter.com,Metric Media Network,Metric Media
Burlington Reporter,North Carolina,burlingtonreporter.com,Metric Media Network,Metric Media
Cabarrus Today,North Carolina,cabarrustoday.com,Metric Media Network,Metric Media
Chapel Hill Review,North Carolina,chapelhillreview.com,Metric Media Network,Metric Media
Durham Reporter,North Carolina,durhamreporter.com,Metric Media Network,Metric Media
EC North Carolina News,North Carolina,ecnorthcarolinanews.com,Metric Media Network,Metric Media
East Lake Norman News,North Carolina,eastlakenormannews.com,Metric Media Network,Metric Media
East Wake Times,North Carolina,eastwaketimes.com,Metric Media Network,Metric Media
Fayetteville Today,North Carolina,fayettevilletoday.com,Metric Media Network,Metric Media
Foothills Review,North Carolina,foothillsreview.com,Metric Media Network,Metric Media
Gastonia Times,North Carolina,gastoniatimes.com,Metric Media Network,Metric Media
Greensboro Reporter,North Carolina,greensbororeporter.com,Metric Media Network,Metric Media
Greenville Reporter,North Carolina,greenvillereporter.com,Metric Media Network,Metric Media
Hickory Sun,North Carolina,hickorysun.com,Metric Media Network,Metric Media
High Country Times,North Carolina,highcountrytimes.com,Metric Media Network,Metric Media
IBX News,North Carolina,ibxnews.com,Metric Media Network,Metric Media
Johnston Reporter,North Carolina,johnstonreporter.com,Metric Media Network,Metric Media
NC NC News,North Carolina,ncncnews.com,Metric Media Network,Metric Media
NC Union News,North Carolina,ncunionnews.com,Metric Media Network,Metric Media
NE Piedmont News,North Carolina,nepiedmontnews.com,Metric Media Network,Metric Media
Nantahal News,North Carolina,nantahalanews.com,Metric Media Network,Metric Media
North Charlotte Today,North Carolina,northcharlottetoday.com,Metric Media Network,Metric Media
North Guilford News,North Carolina,northguilfordnews.com,Metric Media Network,Metric Media
North Iredell News,North Carolina,northiredellnews.com,Metric Media Network,Metric Media
North Mecklenburg News,North Carolina,northmecklenburgnews.com,Metric Media Network,Metric Media
North Raleigh Today,North Carolina,northraleightoday.com,Metric Media Network,Metric Media
North Triangle News,North Carolina,northtrianglenews.com,Metric Media Network,Metric Media
North Wake News,North Carolina,northwakenews.com,Metric Media Network,Metric Media
Old North News,North Carolina,oldnorthnews.com,Metric Media Network,Metric Media
Onslow News,North Carolina,onslownews.com,Metric Media Network,Metric Media
Outer Banks Times,North Carolina,outerbankstimes.com,Metric Media Network,Metric Media
Pinehurst Today,North Carolina,pinehursttoday.com,Metric Media Network,Metric Media
Randolph County News,North Carolina,randolphcountynews.com,Metric Media Network,Metric Media
Rocky Mount Today,North Carolina,rockymounttoday.com,Metric Media Network,Metric Media
Rowan News,North Carolina,rowannews.com,Metric Media Network,Metric Media
SE North Carolina News,North Carolina,senorthcarolinanews.com,Metric Media Network,Metric Media
South Asheville News,North Carolina,southashevillenews.com,Metric Media Network,Metric Media
South Charlotte Today,North Carolina,southcharlottetoday.com,Metric Media Network,Metric Media
South Guilford News,North Carolina,southguilfordnews.com,Metric Media Network,Metric Media
South Mecklenburg News,North Carolina,southmecklenburgnews.com,Metric Media Network,Metric Media
South North Carolina News,North Carolina,southncnews.com,Metric Media Network,Metric Media
South Raleigh News,North Carolina,southraleighnews.com,Metric Media Network,Metric Media
South Triangle News,North Carolina,southtrianglenews.com,Metric Media Network,Metric Media
South Winston Salem News,North Carolina,southwinstonsalemnews.com,Metric Media Network,Metric Media
West Lake Norman News,North Carolina,westlakenormannews.com,Metric Media Network,Metric Media
West Wake News,North Carolina,westwakenews.com,Metric Media Network,Metric Media
Winston Salem Times,North Carolina,winstonsalemtimes.com,Metric Media Network,Metric Media
Yadkin Valley News,North Carolina,yadkinvalleynews.com,Metric Media Network,Metric Media
NC Business Daily,North Carolina,ncbusinessdaily.com,Metric Media Network,Metro Business Network
Central ND News,North Dakota,centralndnews.com,Metric Media Network,Metric Media
Fargo Standard,North Dakota,fargostandard.com,Metric Media Network,Metric Media
ND North News,North Dakota,ndnorthnews.com,Metric Media Network,Metric Media
NE North Dakota News,North Dakota,nenorthdakotanews.com,Metric Media Network,Metric Media
Peace Garden News,North Dakota,peacegardennews.com,Metric Media Network,Metric Media
Western ND News,North Dakota,westernndnews.com,Metric Media Network,Metric Media
ND Business Daily,North Dakota,ndbusinessdaily.com,Metric Media Network,Metro Business Network
Akron Reporter,Ohio,akronreporter.com,Metric Media Network,Metric Media
Buckeye Reporter,Ohio,buckeyereporter.com,Metric Media Network,Metric Media
Butler County Today,Ohio,butlercountytoday.com,Metric Media Network,Metric Media
Canton Reporter,Ohio,cantonreporter.com,Metric Media Network,Metric Media
Central Ohio Today,Ohio,centralohiotoday.com,Metric Media Network,Metric Media
Cincy Reporter,Ohio,cincyreporter.com,Metric Media Network,Metric Media
Clermont Times,Ohio,clermonttimes.com,Metric Media Network,Metric Media
Cleveland Reporter,Ohio,clevelandreporter.com,Metric Media Network,Metric Media
Dayton Reporter,Ohio,daytonreporter.com,Metric Media Network,Metric Media
Delaware County Review,Ohio,delcoreview.com,Metric Media Network,Metric Media
EC Ohio News,Ohio,ecohionews.com,Metric Media Network,Metric Media
East Cleveland News,Ohio,eastclevelandnews.com,Metric Media Network,Metric Media
East Stark News,Ohio,eaststarknews.com,Metric Media Network,Metric Media
Fairfield Reporter,Ohio,fairfieldreporter.com,Metric Media Network,Metric Media
Findlay Times,Ohio,findlaytimes.com,Metric Media Network,Metric Media
Greene County Times,Ohio,greenecotimes.com,Metric Media Network,Metric Media
Lake County Times,Ohio,lakecountytimes.com,Metric Media Network,Metric Media
Licking Today,Ohio,lickingtoday.com,Metric Media Network,Metric Media
Lima Reporter,Ohio,limareporter.com,Metric Media Network,Metric Media
Lorain Times,Ohio,loraintimes.com,Metric Media Network,Metric Media
Mansfield Times,Ohio,mansfieldtimes.com,Metric Media Network,Metric Media
Marion-Morrow Times,Ohio,marionmorrowtimes.com,Metric Media Network,Metric Media
Medina Today,Ohio,medinatoday.com,Metric Media Network,Metric Media
NE Franklin News,Ohio,nefranklinnews.com,Metric Media Network,Metric Media
NE Ohio Times,Ohio,neohiotimes.com,Metric Media Network,Metric Media
NW Franklin News,Ohio,nwfranklinnews.com,Metric Media Network,Metric Media
NW Ohio Times,Ohio,nwohiotimes.com,Metric Media Network,Metric Media
North Cincy News,Ohio,northcincynews.com,Metric Media Network,Metric Media
North Columbus News,Ohio,northcolumbusnews.com,Metric Media Network,Metric Media
North Dayton News,Ohio,northdaytonnews.com,Metric Media Network,Metric Media
North Summit News,Ohio,northsummitnews.com,Metric Media Network,Metric Media
Portage Times,Ohio,portagetimes.com,Metric Media Network,Metric Media
SE Ohio Times,Ohio,seohiotimes.com,Metric Media Network,Metric Media
South Columbus News,Ohio,southcolumbusnews.com,Metric Media Network,Metric Media
South Cuyahoga News,Ohio,southcuyahoganews.com,Metric Media Network,Metric Media
South Dayton News,Ohio,southdaytonnews.com,Metric Media Network,Metric Media
South Franklin News,Ohio,southfranklinnews.com,Metric Media Network,Metric Media
South Ohio News,Ohio,southohionews.com,Metric Media Network,Metric Media
South Summit News,Ohio,southsummitnews.com,Metric Media Network,Metric Media
Toledo Reporter,Ohio,toledoreporter.com,Metric Media Network,Metric Media
Tri County News,Ohio,triconews.com,Metric Media Network,Metric Media
Trumball News,Ohio,trumballnews.com,Metric Media Network,Metric Media
Tuscarawas News,Ohio,tuscarawasnews.com,Metric Media Network,Metric Media
Vacationland Times,Ohio,vacationlandtimes.com,Metric Media Network,Metric Media
Warren-Clinton News,Ohio,warrenclintonnews.com,Metric Media Network,Metric Media
Wayne County Today,Ohio,waynecountytoday.com,Metric Media Network,Metric Media
West Cleveland News,Ohio,westclevelandnews.com,Metric Media Network,Metric Media
West Hamilton News,Ohio,westhamiltonnews.com,Metric Media Network,Metric Media
West Lucas News,Ohio,westlucasnews.com,Metric Media Network,Metric Media
West Stark News,Ohio,weststarknews.com,Metric Media Network,Metric Media
Youngstown Times,Ohio,youngstowntimes.com,Metric Media Network,Metric Media
OH Business Daily,Ohio,ohbusinessdaily.com,Metric Media Network,Metro Business Network
EC Oklahoma News,Oklahoma,ecoklahomanews.com,Metric Media Network,Metric Media
East OKC News,Oklahoma,eastokcnews.com,Metric Media Network,Metric Media
NC Oklahoma News,Oklahoma,ncoklahomanews.com,Metric Media Network,Metric Media
NE Oklahoma News,Oklahoma,neoklahomanews.com,Metric Media Network,Metric Media
NW Oklahoma News,Oklahoma,nwoklahomanews.com,Metric Media Network,Metric Media
North OKC News,Oklahoma,northokcnews.com,Metric Media Network,Metric Media
North Tulsa Today,Oklahoma,northtulsatoday.com,Metric Media Network,Metric Media
OKC Standard,Oklahoma,okcstandard.com,Metric Media Network,Metric Media
SC Oklahoma News,Oklahoma,scoklahomanews.com,Metric Media Network,Metric Media
SE Oklahoma News,Oklahoma,seoklahomanews.com,Metric Media Network,Metric Media
SW Oklahoma News,Oklahoma,swoklahomanews.com,Metric Media Network,Metric Media
Sooner State News,Oklahoma,soonerstatenews.com,Metric Media Network,Metric Media
South OKC News,Oklahoma,southokcnews.com,Metric Media Network,Metric Media
South Tulsa Standard,Oklahoma,southtulsatoday.com,Metric Media Network,Metric Media
Tulsa Standard,Oklahoma,tulsastandard.com,Metric Media Network,Metric Media
OK Business Daily,Oklahoma,okbusinessdaily.com,Metric Media Network,Metro Business Network
Beaver State News,Oregon,beaverstatenews.com,Metric Media Network,Metric Media
Central Oregon Times,Oregon,centraloregontimes.com,Metric Media Network,Metric Media
East Oregon News,Oregon,eastoregonnews.com,Metric Media Network,Metric Media
East PDX Today,Oregon,eastpdxtoday.com,Metric Media Network,Metric Media
Lane County News,Oregon,laneconews.com,Metric Media Network,Metric Media
Mid Coast Times,Oregon,midcoasttimes.com,Metric Media Network,Metric Media
Mid Valley Reporter,Oregon,midvalleyreporter.com,Metric Media Network,Metric Media
North Coast Today,Oregon,northcoasttoday.com,Metric Media Network,Metric Media
Portland Courant,Oregon,portlandcourant.com,Metric Media Network,Metric Media
South Coast Times,Oregon,southcoasttimes.com,Metric Media Network,Metric Media
South Oregon News,Oregon,southoregonnews.com,Metric Media Network,Metric Media
West PDX Today,Oregon,westpdxtoday.com,Metric Media Network,Metric Media
OR Business Daily,Oregon,orbusinessdaily.com,Metric Media Network,Metro Business Network
Blockshopper,Organisation,blockshopper.com,Metric Media Network,Blockshopper
Franklin Archer,Organisation,franklinarcher.com,Metric Media Network,Franklin Archer
Freedom Media Network,Organisation,freedommedianetwork.com,Metric Media Network,Franklin Archer
Metro Business Network,Organisation,metrobusinessnetwork.com,Metric Media Network,Franklin Archer
LGIS,Organisation,lgis.co,Metric Media Network,LGIS
Metric Media News,Organisation,metricmedianews.com,Metric Media Network,Metric Media
DirecTech,Organisation,directech.co,Metric Media Network,Organisation
"The Record, Inc.",Organisation,therecordinc.com,Metric Media Network,Record
Altoona Times,Pennsylvania,altoonatimes.com,Metric Media Network,Metric Media
Beaver County News,Pennsylvania,beaverconews.com,Metric Media Network,Metric Media
Berks County News,Pennsylvania,berksconews.com,Metric Media Network,Metric Media
Butler County News,Pennsylvania,butlerconews.com,Metric Media Network,Metric Media
Cambria Times,Pennsylvania,cambriatimes.com,Metric Media Network,Metric Media
Central Bucks Today,Pennsylvania,centralbuckstoday.com,Metric Media Network,Metric Media
Central Chester Today,Pennsylvania,centralchestertoday.com,Metric Media Network,Metric Media
Central PA News,Pennsylvania,centralpanews.com,Metric Media Network,Metric Media
Coal Region News,Pennsylvania,coalregionnews.com,Metric Media Network,Metric Media
Crawford Times,Pennsylvania,crawfordtimes.com,Metric Media Network,Metric Media
Cumberland Valley News,Pennsylvania,cumberlandvalleynews.com,Metric Media Network,Metric Media
Dauphin News,Pennsylvania,dauphinnews.com,Metric Media Network,Metric Media
East Montgomery Times,Pennsylvania,eastmonttimes.com,Metric Media Network,Metric Media
Erie County Times,Pennsylvania,eriecotimes.com,Metric Media Network,Metric Media
Happy Valley Times,Pennsylvania,happyvalleytimes.com,Metric Media Network,Metric Media
Keystone Today,Pennsylvania,keystonetoday.com,Metric Media Network,Metric Media
Laurel Highlands Today,Pennsylvania,laurelhighlandstoday.com,Metric Media Network,Metric Media
Lawrence Times,Pennsylvania,lawrencetimes.com,Metric Media Network,Metric Media
Lebanon News,Pennsylvania,lebanonpanews.com,Metric Media Network,Metric Media
Lehigh Times,Pennsylvania,lehightimes.com,Metric Media Network,Metric Media
Lower Bucks Today,Pennsylvania,lowerbuckstoday.com,Metric Media Network,Metric Media
Luzerne Times,Pennsylvania,luzernetimes.com,Metric Media Network,Metric Media
Lycoming News,Pennsylvania,lycomingnews.com,Metric Media Network,Metric Media
Monroe County News,Pennsylvania,monroeconews.com,Metric Media Network,Metric Media
North Allegheny News,Pennsylvania,northalleghenynews.com,Metric Media Network,Metric Media
North Central PA Times,Pennsylvania,ncpatimes.com,Metric Media Network,Metric Media
North Chester Today,Pennsylvania,northchestertoday.com,Metric Media Network,Metric Media
North Delco News,Pennsylvania,northdelconews.com,Metric Media Network,Metric Media
North Lancaster News,Pennsylvania,northlancasternews.com,Metric Media Network,Metric Media
North Pocono News,Pennsylvania,northpocononews.com,Metric Media Network,Metric Media
Northern Tier News,Pennsylvania,northerntiernews.com,Metric Media Network,Metric Media
Northhampton News,Pennsylvania,northhamptonnews.com,Metric Media Network,Metric Media
Northwest PA News,Pennsylvania,nwpanews.com,Metric Media Network,Metric Media
Philly Leader,Pennsylvania,phillyleader.com,Metric Media Network,Metric Media
Pittsburgh Review,Pennsylvania,pittreview.com,Metric Media Network,Metric Media
Scranton Reporter,Pennsylvania,scrantonreporter.com,Metric Media Network,Metric Media
Shenango Valley News,Pennsylvania,shenangovalleynews.com,Metric Media Network,Metric Media
South Central PA News,Pennsylvania,scpanews.com,Metric Media Network,Metric Media
South Chester Today,Pennsylvania,southchestertoday.com,Metric Media Network,Metric Media
South Delco News,Pennsylvania,southdelconews.com,Metric Media Network,Metric Media
South Lancaster News,Pennsylvania,southlancasternews.com,Metric Media Network,Metric Media
Southeast Allegheny News,Pennsylvania,sealleghenynews.com,Metric Media Network,Metric Media
Southwest Allegheny News,Pennsylvania,swalleghenynews.com,Metric Media Network,Metric Media
Southwest PA News,Pennsylvania,swpanews.com,Metric Media Network,Metric Media
Upper Bucks Today,Pennsylvania,upperbuckstoday.com,Metric Media Network,Metric Media
West Central PA News,Pennsylvania,wcpanews.com,Metric Media Network,Metric Media
West Montgomery Times,Pennsylvania,westmonttimes.com,Metric Media Network,Metric Media
Westmoreland Review,Pennsylvania,westmorelandreview.com,Metric Media Network,Metric Media
York County News,Pennsylvania,yorkconews.com,Metric Media Network,Metric Media
Keystone Business News,Pennsylvania,keystonebusinessnews.com,Metric Media Network,Metro Business Network
Pennsylvania Record,Pennsylvania,pennrecord.com,Metric Media Network,Record
Manila Business Daily,Phillipines,manilabusinessdaily.com,Metric Media Network,Metro Business Network
Kent County Times,Rhode Island,kentcotimes.com,Metric Media Network,Metric Media
Ocean State Today,Rhode Island,oceanstatetoday.com,Metric Media Network,Metric Media
Providence Reporter,Rhode Island,providencereporter.com,Metric Media Network,Metric Media
South County Times,Rhode Island,southcotimes.com,Metric Media Network,Metric Media
RI Business Daily,Rhode Island,ribusinessdaily.com,Metric Media Network,Metro Business Network
Aiken Times,South Carolina,aikentimes.com,Metric Media Network,Metric Media
Berkeley Leader,South Carolina,berkeleyleader.com,Metric Media Network,Metric Media
Charleston Reporter,South Carolina,charlestonreporter.com,Metric Media Network,Metric Media
Columbia Standard,South Carolina,columbiastandard.com,Metric Media Network,Metric Media
Dorchester Today,South Carolina,dorchestertoday.com,Metric Media Network,Metric Media
Greenville Leader,South Carolina,greenvilleleader.com,Metric Media Network,Metric Media
Hilton Head Reporter,South Carolina,hiltonheadreporter.com,Metric Media Network,Metric Media
Lower West SC News,South Carolina,lowerwestscnews.com,Metric Media Network,Metric Media
Myrtle Beach Leader,South Carolina,myrtlebeachleader.com,Metric Media Network,Metric Media
NC South Carolina Times,South Carolina,ncsctimes.com,Metric Media Network,Metric Media
Palmetto State News,South Carolina,palmettostatenews.com,Metric Media Network,Metric Media
Pee Dee News,South Carolina,peedeenews.com,Metric Media Network,Metric Media
SC Midland News,South Carolina,scmidlandnews.com,Metric Media Network,Metric Media
Spartanburg Reporter,South Carolina,spartanburgreporter.com,Metric Media Network,Metric Media
Upper West SC News,South Carolina,upperwestscnews.com,Metric Media Network,Metric Media
Upstate SC News,South Carolina,upstatescnews.com,Metric Media Network,Metric Media
Palmetto Business Daily,South Carolina,palmettobusinessdaily.com,Metric Media Network,Metro Business Network
Central South Dakota News,South Dakota,centralsdnews.com,Metric Media Network,Metric Media
Northeast South Dakota News,South Dakota,nesdnews.com,Metric Media Network,Metric Media
Rushmore State News,South Dakota,rushmorestatenews.com,Metric Media Network,Metric Media
Sioux Empire Today,South Dakota,siouxempiretoday.com,Metric Media Network,Metric Media
Southeast South Dakota News,South Dakota,sesdnews.com,Metric Media Network,Metric Media
Western SD News,South Dakota,westernsdnews.com,Metric Media Network,Metric Media
SD Business Daily,South Dakota,sdbusinessdaily.com,Metric Media Network,Metro Business Network
Clarksville Times,Tennessee,clarksvilletimes.com,Metric Media Network,Metric Media
Hamilton Reporter,Tennessee,hamiltonreporter.com,Metric Media Network,Metric Media
Johnson City Times,Tennessee,johnsoncitytimes.com,Metric Media Network,Metric Media
Kingsport Reporter,Tennessee,kingsportreporter.com,Metric Media Network,Metric Media
Knox Times,Tennessee,knoxtimes.com,Metric Media Network,Metric Media
Memphis Standard,Tennessee,memphisstandard.com,Metric Media Network,Metric Media
Morristown Times,Tennessee,morristowntimes.com,Metric Media Network,Metric Media
NC Tennessee News,Tennessee,nctennnews.com,Metric Media Network,Metric Media
NE Nashville News,Tennessee,nenashvillenews.com,Metric Media Network,Metric Media
NW Tennessee News,Tennessee,nwtennnews.com,Metric Media Network,Metric Media
Nashville Standard,Tennessee,nashvillestandard.com,Metric Media Network,Metric Media
North Knoxville News,Tennessee,northknoxnews.com,Metric Media Network,Metric Media
Rutherford Times,Tennessee,rutherfordtimes.com,Metric Media Network,Metric Media
SC Tennessee News,Tennessee,sctennnews.com,Metric Media Network,Metric Media
SE Tennessee News,Tennessee,setennnews.com,Metric Media Network,Metric Media
SW Tennessee News,Tennessee,swtennnews.com,Metric Media Network,Metric Media
Shelby Reporter,Tennessee,shelbyreporter.com,Metric Media Network,Metric Media
Smoky Mountain Today,Tennessee,smokymountaintoday.com,Metric Media Network,Metric Media
South Cumberland News,Tennessee,southcumberlandnews.com,Metric Media Network,Metric Media
South Knoxville News,Tennessee,southknoxnews.com,Metric Media Network,Metric Media
Upper Cumberland Times,Tennessee,uppercumberlandtimes.com,Metric Media Network,Metric Media
Volunteer State News,Tennessee,volunteerstatenews.com,Metric Media Network,Metric Media
WIlliamson News,Tennessee,williamsonnews.com,Metric Media Network,Metric Media
TN Business Daily,Tennessee,tnbusinessdaily.com,Metric Media Network,Metro Business Network
Midland Times,Texas,midlandtimes.com,Metric Media Network,Franklin Archer
Abilene Times,Texas,abilenetimes.com,Metric Media Network,Metric Media
Amarillo Gazette,Texas,amarillogazette.com,Metric Media Network,Metric Media
Austin News,Texas,austintxnews.com,Metric Media Network,Metric Media
Central TX News,Texas,centraltxnews.com,Metric Media Network,Metric Media
Centroplex News,Texas,centroplexnews.com,Metric Media Network,Metric Media
Collin Times,Texas,collintimes.com,Metric Media Network,Metric Media
Concho Valley News,Texas,conchovalleynews.com,Metric Media Network,Metric Media
Corpus Christi Sun,Texas,corpuschristisun.com,Metric Media Network,Metric Media
Dallas City Wire,Texas,dallascitywire.com,Metric Media Network,Metric Media
EC Texas News,Texas,ectexasnews.com,Metric Media Network,Metric Media
East DFW News,Texas,eastdfwnews.com,Metric Media Network,Metric Media
East Houston News,Texas,easthoustonnews.com,Metric Media Network,Metric Media
East RGV News,Texas,eastrgvnews.com,Metric Media Network,Metric Media
El Paso Standard,Texas,elpasostandard.com,Metric Media Network,Metric Media
Far West Texas News,Texas,farwesttxnews.com,Metric Media Network,Metric Media
Forest Country News,Texas,forestcountrynews.com,Metric Media Network,Metric Media
Ft Worth Times,Texas,ftworthtimes.com,Metric Media Network,Metric Media
Grayson Times,Texas,graysontimes.com,Metric Media Network,Metric Media
Hill Country Chronicle,Texas,hillcountrychronicle.com,Metric Media Network,Metric Media
Houston Daily,Texas,houstondaily.com,Metric Media Network,Metric Media
Houston Republic,Texas,houstonrepublic.com,Metric Media Network,Metric Media
Laredo Times,Texas,laredotimes.com,Metric Media Network,Metric Media
Lonestar Standard,Texas,lonestarstandard.com,Metric Media Network,Metric Media
Longview Times,Texas,longviewtimes.com,Metric Media Network,Metric Media
Lubbock Times,Texas,lubbocktimes.com,Metric Media Network,Metric Media
Mid City Times,Texas,midcitytimes.com,Metric Media Network,Metric Media
NE Dallas News,Texas,nedallasnews.com,Metric Media Network,Metric Media
NE Tarrant News,Texas,netarrantnews.com,Metric Media Network,Metric Media
NW Houston News,Texas,nwhoustonnews.com,Metric Media Network,Metric Media
Nortex Times,Texas,nortextimes.com,Metric Media Network,Metric Media
North Austin News,Texas,northaustinnews.com,Metric Media Network,Metric Media
North Coastal News,Texas,northcoastalnews.com,Metric Media Network,Metric Media
North Houston News,Texas,northhoustonnews.com,Metric Media Network,Metric Media
North San Antonio News,Texas,northsanantonionews.com,Metric Media Network,Metric Media
North TX News,Texas,northtxnews.com,Metric Media Network,Metric Media
Panhandle Times,Texas,panhandletimes.com,Metric Media Network,Metric Media
Petroplex News,Texas,petroplexnews.com,Metric Media Network,Metric Media
SC Texas News,Texas,sctexasnews.com,Metric Media Network,Metric Media
SE Dallas News,Texas,sedallasnews.com,Metric Media Network,Metric Media
SE Houston News,Texas,sehoustonnews.com,Metric Media Network,Metric Media
SE Texas News,Texas,setexastimes.com,Metric Media Network,Metric Media
SW Dallas News,Texas,swdallasnews.com,Metric Media Network,Metric Media
SW Houston News,Texas,swhoustonnews.com,Metric Media Network,Metric Media
San Antonio Corridor News,Texas,sacorridornews.com,Metric Media Network,Metric Media
San Antonio Standard,Texas,sanantoniostandard.com,Metric Media Network,Metric Media
South Brazoria News,Texas,southbrazorianews.com,Metric Media Network,Metric Media
South DFW News,Texas,southdfwnews.com,Metric Media Network,Metric Media
South Galveston News,Texas,southgalvestonnews.com,Metric Media Network,Metric Media
South San Antonio News,Texas,southsanantonionews.com,Metric Media Network,Metric Media
Texas Business Coalition,Texas,texasbusinesscoalition.com,Metric Media Network,Metric Media
Texas Realty News,Texas,txrealtynews.com,Metric Media Network,Metric Media
Tyler Reporter,Texas,tylerreporter.com,Metric Media Network,Metric Media
Upper East Texas News,Texas,uppereasttx.com,Metric Media Network,Metric Media
WC Texas News,Texas,wctexasnews.com,Metric Media Network,Metric Media
Waco Reporter,Texas,wacoreporter.com,Metric Media Network,Metric Media
West DFW News,Texas,westdfwnews.com,Metric Media Network,Metric Media
West Houston News,Texas,westhoustonnews.com,Metric Media Network,Metric Media
West RGV News,Texas,westrgvnews.com,Metric Media Network,Metric Media
West Texas News,Texas,westtxnews.com,Metric Media Network,Metric Media
Winter Garden Today,Texas,wintergardentoday.com,Metric Media Network,Metric Media
TX Business Daily,Texas,txbusinessdaily.com,Metric Media Network,Metro Business Network
SE Texas Record,Texas,setexasrecord.com,Metric Media Network,Record
Texas Recovery Alliance,Texas,texasrecoveryalliance.com,Metric Media Network,Texas Business Coalition
Austin Journal,Texas,austinjournal.com,Metric Media Network,
CRT Central,US,crtcentral.com,Metric Media Network,American Schools Coalition
Commerce Newswire,US,commercenewswire.com,Metric Media Network,Federal News Network
DOJ Newswire,US,dojnewswire.com,Metric Media Network,Federal News Network
DOL Newswire,US,doenewswire.com,Metric Media Network,Federal News Network
DOL Newswire,US,dolnewswire.com,Metric Media Network,Federal News Network
EPA Newswire,US,epanewswire.com,Metric Media Network,Federal News Network
Homeland Newswire,US,homelandnewswire.com,Metric Media Network,Federal News Network
Interior Newswire,US,interiornewswire.com,Metric Media Network,Federal News Network
States Newswire,US,statenewswire.com,Metric Media Network,Federal News Network
USDA Newswire,US,usdanewswire.com,Metric Media Network,Federal News Network
USDOT Newswire,US,usdotnewswire.com,Metric Media Network,Federal News Network
American Catholic Tribune,US,americancatholictribune.com,Metric Media Network,Franklin Archer
Catholic Mass Live,US,catholicmasslive.com,Metric Media Network,Franklin Archer
Current Science Daily,US,currentsciencedaily.com,Metric Media Network,Franklin Archer
Patient Daily,US,patientdaily.com,Metric Media Network,Franklin Archer
American Pharmacy News,US,americanpharmacynews.com,Metric Media Network,Local Labs
American Security News,US,americansecuritynews.com,Metric Media Network,Local Labs
Crop Protection News,US,cropprotectionnews.com,Metric Media Network,Local Labs
EP Newswire,US,epnewswire.com,Metric Media Network,Local Labs
FDA Health News,US,fdahealthnews.com,Metric Media Network,Local Labs
FDA Reporter,US,fdareporter.com,Metric Media Network,Local Labs
HR Daily Wire,US,hrdailywire.com,Metric Media Network,Local Labs
Higher Education Tribune,US,highereducationtribune.com,Metric Media Network,Local Labs
Mega Dealer News,US,megadealernews.com,Metric Media Network,Local Labs
Power News Wire,US,powernewswire.com,Metric Media Network,Local Labs
Property Insurance Wire,US,propertyinsurancewire.com,Metric Media Network,Local Labs
TI News Daily,US,tinewsdaily.com,Metric Media Network,Local Labs
Tobacco Newswire,US,tobacconewswire.com,Metric Media Network,Local Labs
Wealth Management Wire,US,wealthmanagementwire.com,Metric Media Network,Local Labs
Campaigns Daily,US,campaignsdaily.com,Metric Media Network,Metric Media
Education Daily Wire,US,educationdailywire.com,Metric Media Network,Metric Media
Farm Insurance News,US,farminsurancenews.com,Metric Media Network,Metric Media
Flexible Work News,US,flexibleworknews.com,Metric Media Network,Metric Media
Hotels Together,US,hotelstogether.com,Metric Media Network,Metric Media
Insurance Rate Reporter,US,insuranceratereporter.com,Metric Media Network,Metric Media
Kinute,US,kinute.com,Metric Media Network,Metric Media
Koinesn,US,koinesune.com,Metric Media Network,Metric Media
Prep News Wire,US,prepnewswire.com,Metric Media Network,Metric Media
Sentries,US,sentries.net,Metric Media Network,Metric Media
The Current,US,thecurrent.us,Metric Media Network,Metric Media
The Neighborhood Guardian,US,theneighborhoodguardian.com,Metric Media Network,Metric Media
Vote Newswire,US,votenewswire.com,Metric Media Network,Metric Media
Workplace Recovery Alliance,US,workplacerecoveryalliance.com,Metric Media Network,Metric Media
Legal Newsline,US,legalnewsline.com,Metric Media Network,Record
Beehive State News,Utah,beehivestatenews.com,Metric Media Network,Metric Media
Central Utah News,Utah,centralutahnews.com,Metric Media Network,Metric Media
Davis Times,Utah,davistimes.com,Metric Media Network,Metric Media
East SLC News,Utah,eastslcnews.com,Metric Media Network,Metric Media
North Utah News,Utah,northutahnews.com,Metric Media Network,Metric Media
SLC Times,Utah,slctimes.com,Metric Media Network,Metric Media
South Utah News,Utah,southutahnews.com,Metric Media Network,Metric Media
Utah Valley Times,Utah,utahvalleytimes.com,Metric Media Network,Metric Media
Wastach News,Utah,wastachnews.com,Metric Media Network,Metric Media
Weber Times,Utah,webertimes.com,Metric Media Network,Metric Media
West SLC News,Utah,westslcnews.com,Metric Media Network,Metric Media
Utah Business Daily,Utah,utbusinessdaily.com,Metric Media Network,Metro Business Network
Burlington Standard,Vermont,burlingtonstandard.com,Metric Media Network,Metric Media
Green Mountain Times,Vermont,greenmountaintimes.com,Metric Media Network,Metric Media
NC Vermont News,Vermont,ncvermontnews.com,Metric Media Network,Metric Media
NE Vermont News,Vermont,nevermontnews.com,Metric Media Network,Metric Media
SC Vermont News,Vermont,scvermontnews.com,Metric Media Network,Metric Media
South Vermont News,Vermont,southvermontnews.com,Metric Media Network,Metric Media
VT Business Daily,Vermont,vtbusinessdaily.com,Metric Media Network,Metro Business Network
Central Nova News,Virginia,centralnovanews.com,Metric Media Network,Metric Media
Central Shenandoah News,Virginia,centralshenandoahnews.com,Metric Media Network,Metric Media
Central Virginia Times,Virginia,centralvatimes.com,Metric Media Network,Metric Media
EC Virginia News,Virginia,ecvirginianews.com,Metric Media Network,Metric Media
Eastern Shore Times,Virginia,easternshoretimes.com,Metric Media Network,Metric Media
Fredericksburg Leader,Virginia,fredericksburgleader.com,Metric Media Network,Metric Media
Gateway Reporter,Virginia,gatewayreporter.com,Metric Media Network,Metric Media
Henrico Times,Virginia,henricotimes.com,Metric Media Network,Metric Media
Lynchburg Reporter,Virginia,lynchburgreporter.com,Metric Media Network,Metric Media
New River Valley Times,Virginia,newrivervalleytimes.com,Metric Media Network,Metric Media
North Fairfax News,Virginia,northfairfaxnews.com,Metric Media Network,Metric Media
North Richmond Today,Virginia,northrichmondtoday.com,Metric Media Network,Metric Media
North Shenandoah News,Virginia,northshenandoahnews.com,Metric Media Network,Metric Media
North Tidewater News,Virginia,northtidewaternews.com,Metric Media Network,Metric Media
Northern Neck Times,Virginia,northernnecktimes.com,Metric Media Network,Metric Media
Old Dominion News,Virginia,olddominionnews.com,Metric Media Network,Metric Media
Prince William Reporter,Virginia,princewilliamreporter.com,Metric Media Network,Metric Media
Richmond Leader,Virginia,richmondleader.com,Metric Media Network,Metric Media
Roanoke Sun,Virginia,roanokesun.com,Metric Media Network,Metric Media
SC Virginia News,Virginia,scvanews.com,Metric Media Network,Metric Media
SW Virginia News,Virginia,swvirginianews.com,Metric Media Network,Metric Media
Shenandoah Valley News,Virginia,shenandoahvalleynews.com,Metric Media Network,Metric Media
South Fairfax News,Virginia,southfairfaxnews.com,Metric Media Network,Metric Media
South Tidewater News,Virginia,southtidewaternews.com,Metric Media Network,Metric Media
Southside VA News,Virginia,southsidevanews.com,Metric Media Network,Metric Media
West Nova News,Virginia,westnovanews.com,Metric Media Network,Metric Media
Williamsburg Sun,Virginia,williamsburgsun.com,Metric Media Network,Metric Media
VA Business Daily,Virginia,vabusinessdaily.com,Metric Media Network,Metro Business Network
East King News,Washington,eastkingnews.com,Metric Media Network,Metric Media
Evergreen Reporter,Washington,evergreenreporter.com,Metric Media Network,Metric Media
Kitsap Review,Washington,kitsapreview.com,Metric Media Network,Metric Media
Moses Lake Today,Washington,moseslaketoday.com,Metric Media Network,Metric Media
NE Washington News,Washington,newashingtonnews.com,Metric Media Network,Metric Media
NW Washington News,Washington,nwwashingtonnews.com,Metric Media Network,Metric Media
North King News,Washington,northkingnews.com,Metric Media Network,Metric Media
North Snohomish News,Washington,northsnohomishnews.com,Metric Media Network,Metric Media
Olympic Times,Washington,olympictimes.com,Metric Media Network,Metric Media
Pierce Today,Washington,piercetoday.com,Metric Media Network,Metric Media
SE Washington News,Washington,sewashingtonnews.com,Metric Media Network,Metric Media
Seattle City Wire,Washington,seattlecitywire.com,Metric Media Network,Metric Media
South King News,Washington,southkingnews.com,Metric Media Network,Metric Media
South Snohomish News,Washington,southsnohomishnews.com,Metric Media Network,Metric Media
South Sound Times,Washington,southsoundtimes.com,Metric Media Network,Metric Media
Spokane County Times,Washington,spokanecotimes.com,Metric Media Network,Metric Media
Spokane Standard,Washington,spokanestandard.com,Metric Media Network,Metric Media
Tri Cities Reporter,Washington,tricitiesreporter.com,Metric Media Network,Metric Media
Vancouver Reporter,Washington,vancouverreporter.com,Metric Media Network,Metric Media
Washington Isle News,Washington,waislenews.com,Metric Media Network,Metric Media
Wenatchee Times,Washington,wenatcheetimes.com,Metric Media Network,Metric Media
Yakima Times,Washington,yakimatimes.com,Metric Media Network,Metric Media
WA Business Daily,Washington,wabusinessdaily.com,Metric Media Network,Metro Business Network
DC Business Daily,Washington DC,dcbusinessdaily.com,Metric Media Network,Metro Business Network
Allegheny Highlands Today,West Virginia,alleghenyhighlandstoday.com,Metric Media Network,Metric Media
Bluestone News,West Virginia,bluestonenews.com,Metric Media Network,Metric Media
Charleston Leader,West Virginia,charlestonleader.com,Metric Media Network,Metric Media
East Panhandle Times,West Virginia,eastpanhandletimes.com,Metric Media Network,Metric Media
Huntington Times,West Virginia,huntingtontimes.com,Metric Media Network,Metric Media
Mountain State Times,West Virginia,mountainstatetimes.com,Metric Media Network,Metric Media
NC West Virginia News,West Virginia,ncwvnews.com,Metric Media Network,Metric Media
North Panhandle Times,West Virginia,northpanhandletimes.com,Metric Media Network,Metric Media
Ohio Valley Times,West Virginia,ohiovalleytimes.com,Metric Media Network,Metric Media
Southern West Virginia News,West Virginia,southernwvnews.com,Metric Media Network,Metric Media
WV Heartland News,West Virginia,wvheartlandnews.com,Metric Media Network,Metric Media
WV Business Daily,West Virginia,wvbusinessdaily.com,Metric Media Network,Metro Business Network
West Virginia Record,West Virginia,wvrecord.com,Metric Media Network,Record
Wisconsin Catholic Tribune,Wisconsin,wicatholictribune.com,Metric Media Network,Franklin Archer
Central Wisconsin News,Wisconsin,centralwisconsinnews.com,Metric Media Network,Metric Media
Chippewa Valley Times,Wisconsin,chippewavalleytimes.com,Metric Media Network,Metric Media
EC Wisconsin News,Wisconsin,ecwisconsinnews.com,Metric Media Network,Metric Media
Fon du Lac News,Wisconsin,fondulacnews.com,Metric Media Network,Metric Media
Fox Cities News,Wisconsin,foxcitiesnews.com,Metric Media Network,Metric Media
Green Bay Reporter,Wisconsin,greenbayreporter.com,Metric Media Network,Metric Media
Kenosha Reporter,Wisconsin,kenoshareporter.com,Metric Media Network,Metric Media
Madison Reporter,Wisconsin,madisonreporter.com,Metric Media Network,Metric Media
Milwaukee City Wire,Wisconsin,mkecitywire.com,Metric Media Network,Metric Media
Milwaukee North News,Wisconsin,mkenorth.com,Metric Media Network,Metric Media
Milwaukee South News,Wisconsin,mkesouth.com,Metric Media Network,Metric Media
NC Wisconsin News,Wisconsin,ncwisconsinnews.com,Metric Media Network,Metric Media
NE Wisconsin News,Wisconsin,newisconsinnews.com,Metric Media Network,Metric Media
Northwoods Reporter,Wisconsin,northwoodsreporter.com,Metric Media Network,Metric Media
Ozaukee County News,Wisconsin,ozaukeetimes.com,Metric Media Network,Metric Media
Racine Sun,Wisconsin,racinesun.com,Metric Media Network,Metric Media
SC Wisconsin News,Wisconsin,scwisconsinnews.com,Metric Media Network,Metric Media
SW Wisconsin News,Wisconsin,swwisconsinnews.com,Metric Media Network,Metric Media
Southern Wisconsin Times,Wisconsin,sowisconsintimes.com,Metric Media Network,Metric Media
The Sconi,Wisconsin,thesconi.com,Metric Media Network,Metric Media
WC Wisconsin News,Wisconsin,wcwisconsinnews.com,Metric Media Network,Metric Media
Washington County Times,Wisconsin,washingtoncotimes.com,Metric Media Network,Metric Media
Waukesha County Times,Wisconsin,waukeshatimes.com,Metric Media Network,Metric Media
Whitewater Times,Wisconsin,whitewatertimes.com,Metric Media Network,Metric Media
WI Business Daily,Wisconsin,wibusinessdaily.com,Metric Media Network,Metro Business Network
Central Wyoming News,Wyoming,centralwynews.com,Metric Media Network,Metric Media
Equality State News,Wyoming,equalitystatenews.com,Metric Media Network,Metric Media
NE Wyoming News,Wyoming,newyomingnews.com,Metric Media Network,Metric Media
NW Wyoming News,Wyoming,nwwyomingnews.com,Metric Media Network,Metric Media
SE Wyoming News,Wyoming,sewyomingnews.com,Metric Media Network,Metric Media
SW Wyoming News,Wyoming,swwyomingnews.com,Metric Media Network,Metric Media
WY Business Daily,Wyoming,wybusinessdaily.com,Metric Media Network,Metro Business Network
Maghreb Newswire,continent: Africa,maghrebnewswire.com,Metric Media Network,Local Labs
Gulf News Journal,continent: Asia,gulfnewsjournal.com,Metric Media Network,Local Labs
CISTRAN Finance,continent: Eurasia & Afroasia,cistranfinance.com,Metric Media Network,Local Labs
Balkan Businesswire,continent: Europe,balkanbusinesswire.com,Metric Media Network,Local Labs
Latin Business Daily,continent: Latin America,latinbusinessdaily.com,Metric Media Network,Metro Business Network
